recording_id,timing_participant,timing_supervisor,timing_combined,affect_participant,affect_supervisor,affect_combined,overall_participant,overall_supervisor,overall_combined,participant_1_score,participant_1_role,participant_2_score,participant_2_role,instructed_participant_score,uninstructed_participant_score,participant_role_status,uninstructed_mos_eligible,uninstructed_exclusion_reason,uninstructed_combined
hai__recording-1,3.0,4.0,3.5,4.0,4.0,4.0,4.0,3.0,3.5,,,,,,,not_applicable,,,
hai__recording-3,2.0,2.5,2.25,4.0,3.5,3.75,4.0,2.5,3.25,,,,,,,not_applicable,,,
hai__recording-5,3.0,1.0,2.0,4.0,2.0,3.0,3.0,1.5,2.25,,,,,,,not_applicable,,,
hai__recording-6,4.0,4.5,4.25,4.0,4.5,4.25,3.0,4.5,3.75,,,,,,,not_applicable,,,
hai__recording-7,4.0,4.5,4.25,5.0,4.5,4.75,5.0,4.5,4.75,,,,,,,not_applicable,,,
hai__recording-9,2.0,1.0,1.5,4.0,5.0,4.5,4.0,1.0,2.5,,,,,,,not_applicable,,,
hai__recording-10,1.0,1.0,1.0,1.0,1.0,1.0,1.0,1.0,1.0,,,,,,,not_applicable,,,
hai__recording-11,4.0,5.0,4.5,4.0,5.0,4.5,4.0,5.0,4.5,,,,,,,not_applicable,,,
hai__recording-12,4.0,4.0,4.0,5.0,4.0,4.5,5.0,3.0,4.0,,,,,,,not_applicable,,,
hai__recording-14,1.0,3.0,2.0,1.0,4.0,2.5,1.0,2.0,1.5,,,,,,,not_applicable,,,
hai__recording-15,1.0,1.0,1.0,1.0,1.0,1.0,1.0,1.0,1.0,,,,,,,not_applicable,,,
hai__recording-16,3.0,3.0,3.0,2.0,3.0,2.5,2.0,3.0,2.5,,,,,,,not_applicable,,,
hai__recording-17,3.0,4.0,3.5,3.0,4.0,3.5,3.0,4.0,3.5,,,,,,,not_applicable,,,
hai__recording-19,4.0,3.0,3.5,4.0,4.0,4.0,5.0,4.0,4.5,,,,,,,not_applicable,,,
hai__recording-20,1.0,1.0,1.0,1.0,1.0,1.0,1.0,1.0,1.0,,,,,,,not_applicable,,,
hai__recording-21,4.0,5.0,4.5,4.0,5.0,4.5,4.0,4.0,4.0,,,,,,,not_applicable,,,
hai__recording-22,4.0,4.0,4.0,4.0,4.0,4.0,4.0,4.0,4.0,,,,,,,not_applicable,,,
hai__recording-24,5.0,4.0,4.5,5.0,5.0,5.0,5.0,3.0,4.0,,,,,,,not_applicable,,,
hai__recording-25,1.0,1.0,1.0,1.0,1.0,1.0,1.0,1.0,1.0,,,,,,,not_applicable,,,
hai__recording-26,2.0,5.0,3.5,4.0,5.0,4.5,3.0,4.0,3.5,,,,,,,not_applicable,,,
hai__recording-27,1.0,1.0,1.0,3.0,4.0,3.5,1.0,1.0,1.0,,,,,,,not_applicable,,,
hai__recording-29,2.0,2.0,2.0,3.0,2.0,2.5,2.0,2.0,2.0,,,,,,,not_applicable,,,
hai__recording-30,1.0,2.0,1.5,1.0,3.0,2.0,1.0,3.0,2.0,,,,,,,not_applicable,,,
hai__recording-31,3.0,5.0,4.0,4.0,5.0,4.5,4.0,5.0,4.5,,,,,,,not_applicable,,,
hai__recording-33,4.0,5.0,4.5,4.0,5.0,4.5,4.0,4.0,4.0,,,,,,,not_applicable,,,
hai__recording-37,4.0,1.0,2.5,2.0,2.0,2.0,4.0,1.0,2.5,,,,,,,not_applicable,,,
hai__recording-38,4.0,1.0,2.5,2.0,1.0,1.5,2.0,1.0,1.5,,,,,,,not_applicable,,,
hai__recording-39,4.0,4.0,4.0,4.0,4.0,4.0,2.0,4.0,3.0,,,,,,,not_applicable,,,
hai__recording-42,5.0,3.0,4.0,5.0,3.0,4.0,4.0,3.0,3.5,,,,,,,not_applicable,,,
hai__recording-47,2.0,1.0,1.5,2.0,2.0,2.0,1.0,1.0,1.0,,,,,,,not_applicable,,,
hai__recording-48,1.0,1.0,1.0,1.0,1.0,1.0,1.0,1.0,1.0,,,,,,,not_applicable,,,
hai__recording-49,5.0,4.0,4.5,5.0,4.0,4.5,5.0,4.0,4.5,,,,,,,not_applicable,,,
hai__recording-50,5.0,3.0,4.0,4.0,2.0,3.0,5.0,3.0,4.0,,,,,,,not_applicable,,,
hai__recording-52,5.0,4.0,4.5,5.0,2.0,3.5,5.0,2.0,3.5,,,,,,,not_applicable,,,
hai__recording-53,1.0,2.0,1.5,2.0,2.0,2.0,1.0,1.0,1.0,,,,,,,not_applicable,,,
hai__recording-54,2.0,1.0,1.5,3.0,3.0,3.0,2.0,3.0,2.5,,,,,,,not_applicable,,,
hai__recording-55,4.0,3.0,3.5,2.0,2.0,2.0,4.0,3.0,3.5,,,,,,,not_applicable,,,
hai__recording-57,2.0,1.0,1.5,2.0,3.0,2.5,2.0,2.0,2.0,,,,,,,not_applicable,,,
hai__recording-61,1.0,1.0,1.0,4.0,1.0,2.5,1.0,1.0,1.0,,,,,,,not_applicable,,,
hai__recording-62,5.0,4.0,4.5,4.0,3.0,3.5,4.0,4.0,4.0,,,,,,,not_applicable,,,
hai__recording-63,4.0,2.0,3.0,4.0,2.0,3.0,4.0,2.0,3.0,,,,,,,not_applicable,,,
hai__recording-66,4.0,1.0,2.5,3.0,2.0,2.5,3.0,1.0,2.0,,,,,,,not_applicable,,,
hai__recording-67,1.0,1.0,1.0,1.0,1.0,1.0,1.0,1.0,1.0,,,,,,,not_applicable,,,
hai__recording-68,4.0,5.0,4.5,3.0,5.0,4.0,3.0,5.0,4.0,,,,,,,not_applicable,,,
hai__recording-69,2.0,3.0,2.5,2.0,2.0,2.0,2.0,2.0,2.0,,,,,,,not_applicable,,,
hai__recording-71,3.0,3.0,3.0,4.0,4.0,4.0,3.0,3.0,3.0,,,,,,,not_applicable,,,
hai__recording-72,1.0,1.0,1.0,1.0,1.0,1.0,1.0,1.0,1.0,,,,,,,not_applicable,,,
hai__recording-73,2.0,4.0,3.0,3.0,4.0,3.5,2.0,4.0,3.0,,,,,,,not_applicable,,,
hai__recording-75,3.0,2.0,2.5,4.0,2.0,3.0,2.0,2.0,2.0,,,,,,,not_applicable,,,
hai__recording-77,1.0,1.0,1.0,2.0,2.0,2.0,1.0,2.0,1.5,,,,,,,not_applicable,,,
hai__recording-78,2.0,2.0,2.0,4.0,2.0,3.0,2.0,2.0,2.0,,,,,,,not_applicable,,,
hai__recording-80,2.0,2.0,2.0,5.0,2.0,3.5,2.0,2.0,2.0,,,,,,,not_applicable,,,
hai__recording-82,5.0,2.0,3.5,5.0,3.0,4.0,5.0,3.0,4.0,,,,,,,not_applicable,,,
hai__recording-84,3.0,1.0,2.0,3.0,1.0,2.0,3.0,1.0,2.0,,,,,,,not_applicable,,,
hai__recording-85,4.0,2.0,3.0,4.0,2.0,3.0,4.0,2.0,3.0,,,,,,,not_applicable,,,
hai__recording-86,5.0,3.0,4.0,5.0,3.0,4.0,5.0,4.0,4.5,,,,,,,not_applicable,,,
hai__recording-88,3.0,2.0,2.5,5.0,3.0,4.0,5.0,2.0,3.5,,,,,,,not_applicable,,,
hai__recording-89,1.0,1.0,1.0,1.0,1.0,1.0,1.0,1.0,1.0,,,,,,,not_applicable,,,
hai__recording-90,5.0,4.0,4.5,5.0,4.0,4.5,5.0,4.0,4.5,,,,,,,not_applicable,,,
hai__recording-91,4.0,4.0,4.0,5.0,3.0,4.0,4.0,3.0,3.5,,,,,,,not_applicable,,,
hai__recording-93,2.0,1.0,1.5,5.0,1.0,3.0,2.0,1.0,1.5,,,,,,,not_applicable,,,
hai__recording-96,3.0,2.0,2.5,2.0,1.0,1.5,1.0,1.0,1.0,,,,,,,not_applicable,,,
hai__recording-97,2.0,3.0,2.5,3.0,5.0,4.0,2.0,4.0,3.0,,,,,,,not_applicable,,,
hai__recording-98,5.0,3.0,4.0,5.0,3.0,4.0,5.0,2.0,3.5,,,,,,,not_applicable,,,
hai__recording-100,3.0,3.0,3.0,4.0,2.0,3.0,5.0,2.0,3.5,,,,,,,not_applicable,,,
hai__recording-101,2.0,1.0,1.5,1.0,1.0,1.0,1.0,1.0,1.0,,,,,,,not_applicable,,,
hai__recording-102,2.0,3.0,2.5,4.0,4.0,4.0,2.0,3.0,2.5,,,,,,,not_applicable,,,
hai__recording-103,3.0,3.0,3.0,3.0,3.0,3.0,2.0,3.0,2.5,,,,,,,not_applicable,,,
hai__recording-107,1.0,1.0,1.0,1.0,1.0,1.0,1.0,1.0,1.0,,,,,,,not_applicable,,,
hai__recording-108,1.0,1.0,1.0,1.0,1.0,1.0,1.0,1.0,1.0,,,,,,,not_applicable,,,
hai__recording-109,4.0,2.0,3.0,3.0,2.0,2.5,3.0,2.0,2.5,,,,,,,not_applicable,,,
hai__recording-110,5.0,3.0,4.0,4.0,3.0,3.5,4.0,3.0,3.5,,,,,,,not_applicable,,,
hai__recording-112,1.0,1.0,1.0,4.0,2.0,3.0,1.0,1.0,1.0,,,,,,,not_applicable,,,
hai__recording-113,1.0,1.0,1.0,1.0,1.0,1.0,1.0,1.0,1.0,,,,,,,not_applicable,,,
hai__recording-114,5.0,4.0,4.5,5.0,3.0,4.0,4.0,4.0,4.0,,,,,,,not_applicable,,,
hai__recording-115,4.0,3.0,3.5,5.0,2.0,3.5,5.0,3.0,4.0,,,,,,,not_applicable,,,
hai__recording-117,2.0,2.0,2.0,2.0,2.0,2.0,2.0,3.0,2.5,,,,,,,not_applicable,,,
hai__recording-118,1.0,1.0,1.0,1.0,1.0,1.0,1.0,1.0,1.0,,,,,,,not_applicable,,,
hai__recording-119,2.0,4.0,3.0,3.0,3.0,3.0,4.0,3.0,3.5,,,,,,,not_applicable,,,
hai__recording-121,5.0,3.0,4.0,5.0,1.0,3.0,5.0,2.0,3.5,,,,,,,not_applicable,,,
hai__recording-124,2.0,2.0,2.0,2.0,3.0,2.5,1.0,2.0,1.5,,,,,,,not_applicable,,,
hai__recording-125,1.0,2.0,1.5,1.0,1.0,1.0,1.0,1.0,1.0,,,,,,,not_applicable,,,
hai__recording-126,3.0,3.0,3.0,2.0,4.0,3.0,2.0,3.0,2.5,,,,,,,not_applicable,,,
hai__recording-127,4.0,2.0,3.0,3.0,2.0,2.5,3.0,2.0,2.5,,,,,,,not_applicable,,,
hai__recording-129,1.0,3.0,2.0,1.0,1.0,1.0,1.0,1.0,1.0,,,,,,,not_applicable,,,
hai__recording-130,1.0,1.0,1.0,2.0,1.0,1.5,1.0,1.0,1.0,,,,,,,not_applicable,,,
hai__recording-131,4.0,4.0,4.0,4.0,4.0,4.0,4.0,4.0,4.0,,,,,,,not_applicable,,,
hai__recording-132,4.0,3.0,3.5,4.0,2.0,3.0,4.0,3.0,3.5,,,,,,,not_applicable,,,
hai__recording-134,4.0,2.0,3.0,4.0,2.0,3.0,4.0,2.0,3.0,,,,,,,not_applicable,,,
hai__recording-135,1.0,1.0,1.0,1.0,1.0,1.0,2.0,1.0,1.5,,,,,,,not_applicable,,,
hai__recording-138,5.0,5.0,5.0,5.0,5.0,5.0,5.0,5.0,5.0,,,,,,,not_applicable,,,
hai__recording-139,5.0,4.0,4.5,5.0,4.0,4.5,5.0,3.0,4.0,,,,,,,not_applicable,,,
hai__recording-141,4.0,3.0,3.5,4.0,3.0,3.5,4.0,3.0,3.5,,,,,,,not_applicable,,,
hai__recording-142,3.0,1.0,2.0,2.0,1.0,1.5,2.0,1.0,1.5,,,,,,,not_applicable,,,
hai__recording-143,5.0,5.0,5.0,5.0,5.0,5.0,5.0,5.0,5.0,,,,,,,not_applicable,,,
hai__recording-144,4.0,3.0,3.5,3.0,3.0,3.0,4.0,3.0,3.5,,,,,,,not_applicable,,,
hai__recording-146,4.0,2.0,3.0,2.0,2.0,2.0,2.0,1.0,1.5,,,,,,,not_applicable,,,
hai__recording-147,2.0,1.0,1.5,4.0,1.0,2.5,2.0,1.0,1.5,,,,,,,not_applicable,,,
hai__recording-148,2.0,4.0,3.0,3.0,4.0,3.5,2.0,3.0,2.5,,,,,,,not_applicable,,,
hai__recording-149,5.0,4.0,4.5,5.0,4.0,4.5,5.0,3.0,4.0,,,,,,,not_applicable,,,
hai__recording-151,3.0,2.0,2.5,4.0,2.0,3.0,4.0,2.0,3.0,,,,,,,not_applicable,,,
hai__recording-153,1.0,1.0,1.0,1.0,1.0,1.0,1.0,1.0,1.0,,,,,,,not_applicable,,,
hai__recording-154,5.0,4.0,4.5,5.0,4.0,4.5,5.0,4.0,4.5,,,,,,,not_applicable,,,
hai__recording-155,4.0,2.0,3.0,5.0,3.0,4.0,5.0,3.0,4.0,,,,,,,not_applicable,,,
hai__recording-158,3.0,3.0,3.0,4.0,2.0,3.0,3.0,3.0,3.0,,,,,,,not_applicable,,,
hai__recording-160,1.0,1.0,1.0,1.0,1.0,1.0,1.0,1.0,1.0,,,,,,,not_applicable,,,
hai__recording-161,5.0,3.0,4.0,4.0,4.0,4.0,4.0,3.0,3.5,,,,,,,not_applicable,,,
hai__recording-162,4.0,3.0,3.5,4.0,2.0,3.0,4.0,3.0,3.5,,,,,,,not_applicable,,,
hai__recording-164,4.0,2.0,3.0,4.0,4.0,4.0,4.0,2.0,3.0,,,,,,,not_applicable,,,
hai__recording-165,4.0,2.0,3.0,5.0,1.0,3.0,4.0,2.0,3.0,,,,,,,not_applicable,,,
hai__recording-166,3.0,3.0,3.0,3.0,4.0,3.5,3.0,4.0,3.5,,,,,,,not_applicable,,,
hai__recording-167,4.0,4.0,4.0,5.0,4.0,4.5,4.0,3.0,3.5,,,,,,,not_applicable,,,
hai__recording-169,2.0,1.0,1.5,3.0,2.0,2.5,3.0,3.0,3.0,,,,,,,not_applicable,,,
hai__recording-170,3.0,2.0,2.5,4.0,2.0,3.0,3.0,3.0,3.0,,,,,,,not_applicable,,,
hai__recording-171,4.0,4.0,4.0,3.0,4.0,3.5,4.0,4.0,4.0,,,,,,,not_applicable,,,
hai__recording-172,3.0,2.0,2.5,4.0,3.0,3.5,4.0,3.0,3.5,,,,,,,not_applicable,,,
hai__recording-176,2.0,3.0,2.5,4.0,3.0,3.5,2.0,2.0,2.0,,,,,,,not_applicable,,,
hai__recording-177,3.0,1.0,2.0,4.0,1.0,2.5,1.0,1.0,1.0,,,,,,,not_applicable,,,
hai__recording-178,5.0,5.0,5.0,4.0,4.0,4.0,5.0,4.0,4.5,,,,,,,not_applicable,,,
hai__recording-179,5.0,3.0,4.0,5.0,1.0,3.0,5.0,3.0,4.0,,,,,,,not_applicable,,,
hai__recording-181,4.0,2.0,3.0,5.0,3.0,4.0,5.0,3.0,4.0,,,,,,,not_applicable,,,
hai__recording-182,2.0,1.0,1.5,3.0,1.0,2.0,5.0,1.0,3.0,,,,,,,not_applicable,,,
hai__recording-183,5.0,4.0,4.5,5.0,4.0,4.5,5.0,4.0,4.5,,,,,,,not_applicable,,,
hai__recording-185,5.0,1.0,3.0,5.0,4.0,4.5,5.0,3.0,4.0,,,,,,,not_applicable,,,
hai__recording-188,4.0,2.0,3.0,4.0,4.0,4.0,4.0,2.0,3.0,,,,,,,not_applicable,,,
hai__recording-189,2.0,3.0,2.5,3.0,4.0,3.5,2.0,3.0,2.5,,,,,,,not_applicable,,,
hai__recording-190,1.0,1.0,1.0,1.0,1.0,1.0,1.0,1.0,1.0,,,,,,,not_applicable,,,
hai__recording-192,4.0,4.0,4.0,3.0,3.0,3.0,4.0,2.0,3.0,,,,,,,not_applicable,,,
hai__recording-194,4.0,2.0,3.0,4.0,4.0,4.0,3.0,3.0,3.0,,,,,,,not_applicable,,,
hai__recording-195,2.0,2.0,2.0,4.0,4.0,4.0,3.0,4.0,3.5,,,,,,,not_applicable,,,
hai__recording-196,2.0,1.0,1.5,2.0,4.0,3.0,2.0,2.0,2.0,,,,,,,not_applicable,,,
hai__recording-197,4.0,2.0,3.0,5.0,2.0,3.5,4.0,3.0,3.5,,,,,,,not_applicable,,,
hai__recording-199,3.0,3.0,3.0,4.0,2.0,3.0,2.0,3.0,2.5,,,,,,,not_applicable,,,
hai__recording-200,1.0,3.0,2.0,5.0,2.0,3.5,4.0,3.0,3.5,,,,,,,not_applicable,,,
hai__recording-201,1.0,1.0,1.0,1.0,1.0,1.0,1.0,1.0,1.0,,,,,,,not_applicable,,,
hai__recording-202,2.0,4.0,3.0,2.0,4.0,3.0,1.0,3.0,2.0,,,,,,,not_applicable,,,
hai__recording-204,1.0,1.0,1.0,1.0,2.0,1.5,2.0,2.0,2.0,,,,,,,not_applicable,,,
hai__recording-205,5.0,4.0,4.5,5.0,4.0,4.5,5.0,4.0,4.5,,,,,,,not_applicable,,,
hai__recording-206,2.0,1.0,1.5,5.0,1.0,3.0,2.0,1.0,1.5,,,,,,,not_applicable,,,
hai__recording-207,5.0,3.0,4.0,5.0,2.0,3.5,4.0,2.0,3.0,,,,,,,not_applicable,,,
hai__recording-209,4.0,2.0,3.0,5.0,4.0,4.5,4.0,3.0,3.5,,,,,,,not_applicable,,,
hai__recording-210,4.0,4.0,4.0,5.0,5.0,5.0,4.0,4.0,4.0,,,,,,,not_applicable,,,
hai__recording-211,3.0,3.0,3.0,2.0,2.0,2.0,3.0,1.0,2.0,,,,,,,not_applicable,,,
hai__recording-213,4.0,3.0,3.5,4.0,2.0,3.0,5.0,2.0,3.5,,,,,,,not_applicable,,,
hai__recording-215,2.0,3.0,2.5,2.0,4.0,3.0,1.0,3.0,2.0,,,,,,,not_applicable,,,
hai__recording-216,4.0,3.0,3.5,4.0,5.0,4.5,4.0,3.0,3.5,,,,,,,not_applicable,,,
hai__recording-217,1.0,1.0,1.0,1.0,1.0,1.0,1.0,1.0,1.0,,,,,,,not_applicable,,,
hai__recording-218,5.0,1.0,3.0,5.0,2.0,3.5,5.0,3.0,4.0,,,,,,,not_applicable,,,
hai__recording-220,3.0,3.0,3.0,3.0,4.0,3.5,1.0,3.0,2.0,,,,,,,not_applicable,,,
hai__recording-221,5.0,4.0,4.5,5.0,4.0,4.5,5.0,4.0,4.5,,,,,,,not_applicable,,,
hai__recording-223,1.0,2.0,1.5,5.0,2.0,3.5,1.0,2.0,1.5,,,,,,,not_applicable,,,
hai__recording-224,5.0,4.0,4.5,5.0,4.0,4.5,5.0,4.0,4.5,,,,,,,not_applicable,,,
hai__recording-228,3.0,4.0,3.5,2.0,4.0,3.0,1.0,3.0,2.0,,,,,,,not_applicable,,,
hai__recording-230,1.0,1.0,1.0,2.0,4.0,3.0,1.0,1.0,1.0,,,,,,,not_applicable,,,
hai__recording-233,1.0,1.0,1.0,2.0,1.0,1.5,1.0,1.0,1.0,,,,,,,not_applicable,,,
hai__recording-234,4.0,4.0,4.0,4.0,4.0,4.0,4.0,4.0,4.0,,,,,,,not_applicable,,,
hai__recording-235,3.0,1.0,2.0,3.0,3.0,3.0,2.0,2.0,2.0,,,,,,,not_applicable,,,
hai__recording-237,2.0,2.0,2.0,4.0,3.0,3.5,3.0,2.0,2.5,,,,,,,not_applicable,,,
hai__recording-238,2.0,1.0,1.5,2.0,2.0,2.0,3.0,2.0,2.5,,,,,,,not_applicable,,,
hai__recording-239,5.0,2.0,3.5,5.0,2.0,3.5,5.0,2.0,3.5,,,,,,,not_applicable,,,
hai__recording-241,4.0,4.0,4.0,2.0,3.0,2.5,4.0,3.0,3.5,,,,,,,not_applicable,,,
hai__recording-242,4.0,4.0,4.0,5.0,4.0,4.5,4.0,2.0,3.0,,,,,,,not_applicable,,,
hai__recording-243,2.0,2.0,2.0,4.0,3.0,3.5,3.0,2.0,2.5,,,,,,,not_applicable,,,
hai__recording-244,4.0,4.0,4.0,4.0,3.0,3.5,3.0,4.0,3.5,,,,,,,not_applicable,,,
hai__recording-247,1.0,4.0,2.5,5.0,4.0,4.5,2.0,4.0,3.0,,,,,,,not_applicable,,,
hai__recording-252,5.0,4.0,4.5,5.0,3.0,4.0,4.0,4.0,4.0,,,,,,,not_applicable,,,
hai__recording-254,2.0,4.0,3.0,2.0,5.0,3.5,2.0,4.0,3.0,,,,,,,not_applicable,,,
hai__recording-256,4.0,2.0,3.0,5.0,4.0,4.5,4.0,2.0,3.0,,,,,,,not_applicable,,,
hai__recording-257,1.0,1.0,1.0,2.0,1.0,1.5,1.0,1.0,1.0,,,,,,,not_applicable,,,
hai__recording-258,5.0,3.0,4.0,5.0,2.0,3.5,5.0,3.0,4.0,,,,,,,not_applicable,,,
hai__recording-261,1.0,2.0,1.5,3.0,3.0,3.0,4.0,3.0,3.5,,,,,,,not_applicable,,,
hai__recording-262,3.0,4.0,3.5,4.0,4.0,4.0,4.0,4.0,4.0,,,,,,,not_applicable,,,
hai__recording-263,1.0,3.0,2.0,1.0,2.0,1.5,2.0,2.0,2.0,,,,,,,not_applicable,,,
hai__recording-264,3.0,3.0,3.0,4.0,2.0,3.0,4.0,2.0,3.0,,,,,,,not_applicable,,,
hai__recording-272,2.0,2.0,2.0,5.0,3.0,4.0,2.0,3.0,2.5,,,,,,,not_applicable,,,
hai__recording-273,1.0,2.0,1.5,1.0,2.0,1.5,1.0,2.0,1.5,,,,,,,not_applicable,,,
hai__recording-274,4.0,4.0,4.0,4.0,4.0,4.0,3.0,4.0,3.5,,,,,,,not_applicable,,,
hai__recording-276,5.0,4.0,4.5,5.0,5.0,5.0,5.0,5.0,5.0,,,,,,,not_applicable,,,
hai__recording-277,5.0,4.0,4.5,5.0,2.0,3.5,4.0,3.0,3.5,,,,,,,not_applicable,,,
hai__recording-278,3.0,2.0,2.5,2.0,2.0,2.0,3.0,3.0,3.0,,,,,,,not_applicable,,,
hai__recording-279,4.0,4.0,4.0,4.0,3.0,3.5,4.0,3.0,3.5,,,,,,,not_applicable,,,
hai__recording-281,4.0,4.0,4.0,5.0,4.0,4.5,5.0,4.0,4.5,,,,,,,not_applicable,,,
hai__recording-282,4.0,3.0,3.5,5.0,5.0,5.0,4.0,4.0,4.0,,,,,,,not_applicable,,,
hai__recording-284,2.0,3.0,2.5,2.0,2.0,2.0,2.0,2.0,2.0,,,,,,,not_applicable,,,
hai__recording-285,5.0,5.0,5.0,4.0,4.0,4.0,4.0,4.0,4.0,,,,,,,not_applicable,,,
hai__recording-288,2.0,3.0,2.5,3.0,4.0,3.5,3.0,3.0,3.0,,,,,,,not_applicable,,,
hai__recording-289,3.0,2.0,2.5,2.0,3.0,2.5,2.0,3.0,2.5,,,,,,,not_applicable,,,
hai__recording-290,5.0,3.0,4.0,4.0,4.0,4.0,5.0,4.0,4.5,,,,,,,not_applicable,,,
hai__recording-291,2.0,4.0,3.0,2.0,2.0,2.0,3.0,3.0,3.0,,,,,,,not_applicable,,,
hai__recording-293,4.0,2.0,3.0,4.0,3.0,3.5,2.0,4.0,3.0,,,,,,,not_applicable,,,
hai__recording-294,3.0,4.0,3.5,5.0,3.0,4.0,2.0,3.0,2.5,,,,,,,not_applicable,,,
hai__recording-295,2.0,2.0,2.0,5.0,1.0,3.0,1.0,3.0,2.0,,,,,,,not_applicable,,,
hai__recording-296,5.0,4.0,4.5,5.0,3.0,4.0,4.0,4.0,4.0,,,,,,,not_applicable,,,
hai__recording-299,4.0,4.0,4.0,5.0,4.0,4.5,4.0,4.0,4.0,,,,,,,not_applicable,,,
hai__recording-301,5.0,3.0,4.0,5.0,4.0,4.5,5.0,4.0,4.5,,,,,,,not_applicable,,,
hai__recording-302,2.0,3.0,2.5,2.0,1.0,1.5,1.0,2.0,1.5,,,,,,,not_applicable,,,
hai__recording-303,4.0,4.0,4.0,5.0,2.0,3.5,3.0,3.0,3.0,,,,,,,not_applicable,,,
hai__recording-306,5.0,4.0,4.5,5.0,4.0,4.5,5.0,3.0,4.0,,,,,,,not_applicable,,,
hai__recording-310,4.0,2.0,3.0,4.0,3.0,3.5,2.0,5.0,3.5,,,,,,,not_applicable,,,
hai__recording-311,1.0,1.0,1.0,1.0,1.0,1.0,1.0,1.0,1.0,,,,,,,not_applicable,,,
hai__recording-312,5.0,3.0,4.0,5.0,2.0,3.5,5.0,2.0,3.5,,,,,,,not_applicable,,,
hai__recording-314,3.0,2.0,2.5,3.0,3.0,3.0,4.0,4.0,4.0,,,,,,,not_applicable,,,
hai__recording-315,5.0,3.0,4.0,5.0,3.0,4.0,5.0,4.0,4.5,,,,,,,not_applicable,,,
hai__recording-317,3.0,2.0,2.5,2.0,1.0,1.5,1.0,2.0,1.5,,,,,,,not_applicable,,,
hai__recording-319,5.0,4.0,4.5,5.0,4.0,4.5,5.0,3.0,4.0,,,,,,,not_applicable,,,
hai__recording-321,4.0,4.0,4.0,4.0,4.0,4.0,4.0,4.0,4.0,,,,,,,not_applicable,,,
hai__recording-322,3.0,3.0,3.0,2.0,3.0,2.5,2.0,3.0,2.5,,,,,,,not_applicable,,,
hai__recording-324,1.0,1.0,1.0,2.0,1.0,1.5,1.0,1.0,1.0,,,,,,,not_applicable,,,
hai__recording-325,4.0,4.0,4.0,5.0,3.0,4.0,4.0,4.0,4.0,,,,,,,not_applicable,,,
hai__recording-327,3.0,4.0,3.5,2.0,4.0,3.0,3.0,4.0,3.5,,,,,,,not_applicable,,,
hai__recording-328,4.0,1.0,2.5,4.0,3.0,3.5,4.0,3.0,3.5,,,,,,,not_applicable,,,
hai__recording-329,2.0,2.0,2.0,2.0,3.0,2.5,2.0,3.0,2.5,,,,,,,not_applicable,,,
hai__recording-330,4.0,4.0,4.0,5.0,2.0,3.5,4.0,3.0,3.5,,,,,,,not_applicable,,,
hh_emotion__recording-2,,,,4.0,3.0,3.5,,,,3.0,uninstructed,5.0,uninstructed,,4.0,natural,True,,3.5
hh_emotion__recording-3,,,,2.0,1.0,1.5,,,,2.0,uninstructed,2.0,instructed,2.0,2.0,unilateral_matched,True,,1.5
hh_emotion__recording-5,,,,4.0,3.0,3.5,,,,4.0,instructed,4.0,uninstructed,4.0,4.0,unilateral_matched,True,,3.5
hh_emotion__recording-6,,,,3.5,2.0,2.75,,,,5.0,uninstructed,2.0,instructed,2.0,5.0,unilateral_matched,True,,3.5
hh_emotion__recording-7,,,,4.5,4.0,4.25,,,,5.0,uninstructed,4.0,uninstructed,,4.5,natural,True,,4.25
hh_emotion__recording-8,,,,4.5,3.0,3.75,,,,5.0,instructed,4.0,uninstructed,5.0,4.0,unilateral_matched,True,,3.5
hh_emotion__recording-9,,,,5.0,1.0,3.0,,,,5.0,uninstructed,5.0,instructed,5.0,5.0,unilateral_matched,True,,3.0
hh_emotion__recording-10,,,,5.0,4.0,4.5,,,,5.0,instructed,5.0,uninstructed,5.0,5.0,unilateral_matched,True,,4.5
hh_emotion__recording-118,,,,4.0,5.0,4.5,,,,4.0,uninstructed,4.0,uninstructed,,4.0,natural,True,,4.5
hh_emotion__recording-119,,,,1.5,3.0,2.25,,,,1.0,instructed,2.0,uninstructed,1.0,2.0,unilateral_matched,True,,2.5
hh_emotion__recording-120,,,,1.0,2.0,1.5,,,,1.0,uninstructed,1.0,instructed,1.0,1.0,unilateral_matched,True,,1.5
hh_emotion__recording-121,,,,4.0,3.0,3.5,,,,5.0,instructed,3.0,uninstructed,5.0,3.0,unilateral_matched,True,,3.0
hh_emotion__recording-130,,,,4.5,5.0,4.75,,,,4.0,uninstructed,5.0,uninstructed,,4.5,natural,True,,4.75
hh_emotion__recording-131,,,,1.5,2.0,1.75,,,,2.0,uninstructed,1.0,instructed,1.0,2.0,unilateral_matched,True,,2.0
hh_emotion__recording-133,,,,2.0,1.0,1.5,,,,3.0,instructed,1.0,uninstructed,3.0,1.0,unilateral_matched,True,,1.0
hh_emotion__recording-134,,,,4.0,3.0,3.5,,,,4.0,uninstructed,4.0,instructed,4.0,4.0,unilateral_matched,True,,3.5
hh_emotion__recording-136,,,,5.0,5.0,5.0,,,,5.0,uninstructed,5.0,uninstructed,,5.0,natural,True,,5.0
hh_emotion__recording-137,,,,3.0,4.0,3.5,,,,4.0,uninstructed,2.0,instructed,2.0,4.0,unilateral_matched,True,,4.0
hh_emotion__recording-139,,,,1.0,2.0,1.5,,,,1.0,instructed,1.0,uninstructed,1.0,1.0,unilateral_matched,True,,1.5
hh_emotion__recording-141,,,,1.5,2.0,1.75,,,,1.0,uninstructed,2.0,instructed,2.0,1.0,unilateral_matched,True,,1.5
hh_emotion__recording-149,,,,4.5,4.0,4.25,,,,5.0,uninstructed,4.0,uninstructed,,4.5,natural,True,,4.25
hh_emotion__recording-150,,,,2.5,2.0,2.25,,,,1.0,uninstructed,4.0,instructed,4.0,1.0,unilateral_matched,True,,1.5
hh_emotion__recording-151,,,,3.5,4.0,3.75,,,,4.0,instructed,3.0,uninstructed,4.0,3.0,unilateral_matched,True,,3.5
hh_emotion__recording-152,,,,2.5,2.0,2.25,,,,1.0,uninstructed,4.0,instructed,4.0,1.0,unilateral_matched,True,,1.5
hh_emotion__recording-153,,,,5.0,5.0,5.0,,,,5.0,uninstructed,5.0,uninstructed,,5.0,natural,True,,5.0
hh_emotion__recording-155,,,,1.5,2.0,1.75,,,,1.0,uninstructed,2.0,instructed,2.0,1.0,unilateral_matched,True,,1.5
hh_emotion__recording-157,,,,1.0,2.0,1.5,,,,1.0,instructed,1.0,uninstructed,1.0,1.0,unilateral_matched,True,,1.5
hh_emotion__recording-158,,,,4.0,3.0,3.5,,,,4.0,uninstructed,4.0,instructed,4.0,4.0,unilateral_matched,True,,3.5
hh_emotion__recording-165,,,,4.5,5.0,4.75,,,,5.0,uninstructed,4.0,uninstructed,,4.5,natural,True,,4.75
hh_emotion__recording-166,,,,3.0,3.0,3.0,,,,3.0,uninstructed,3.0,instructed,3.0,3.0,unilateral_matched,True,,3.0
hh_emotion__recording-167,,,,1.5,2.0,1.75,,,,2.0,instructed,1.0,uninstructed,2.0,1.0,unilateral_matched,True,,1.5
hh_emotion__recording-168,,,,2.0,2.0,2.0,,,,2.0,uninstructed,2.0,instructed,2.0,2.0,unilateral_matched,True,,2.0
hh_emotion__recording-169,,,,5.0,5.0,5.0,,,,5.0,uninstructed,5.0,uninstructed,,5.0,natural,True,,5.0
hh_emotion__recording-170,,,,2.5,1.0,1.75,,,,4.0,instructed,1.0,uninstructed,4.0,1.0,unilateral_matched,True,,1.0
hh_emotion__recording-171,,,,1.0,2.0,1.5,,,,1.0,uninstructed,1.0,instructed,1.0,1.0,unilateral_matched,True,,1.5
hh_emotion__recording-174,,,,2.0,4.0,3.0,,,,2.0,instructed,2.0,uninstructed,2.0,2.0,unilateral_matched,True,,3.0
hh_emotion__recording-188,,,,3.5,5.0,4.25,,,,3.0,uninstructed,4.0,uninstructed,,3.5,natural,True,,4.25
hh_emotion__recording-190,,,,1.0,2.0,1.5,,,,1.0,uninstructed,1.0,instructed,1.0,1.0,unilateral_matched,True,,1.5
hh_emotion__recording-191,,,,3.0,3.0,3.0,,,,3.0,instructed,3.0,uninstructed,3.0,3.0,unilateral_matched,True,,3.0
hh_emotion__recording-192,,,,1.5,2.0,1.75,,,,2.0,instructed,1.0,uninstructed,2.0,1.0,unilateral_matched,True,,1.5
hh_emotion__recording-206,,,,2.0,5.0,3.5,,,,2.0,uninstructed,2.0,uninstructed,,2.0,natural,True,,3.5
hh_emotion__recording-209,,,,2.0,3.0,2.5,,,,2.0,instructed,2.0,uninstructed,2.0,2.0,unilateral_matched,True,,2.5
hh_emotion__recording-210,,,,3.0,3.0,3.0,,,,2.0,uninstructed,4.0,instructed,4.0,2.0,unilateral_matched,True,,2.5
hh_emotion__recording-211,,,,2.0,2.0,2.0,,,,2.0,instructed,2.0,uninstructed,2.0,2.0,unilateral_matched,True,,2.0
hh_emotion__recording-221,,,,3.5,5.0,4.25,,,,4.0,uninstructed,3.0,uninstructed,,3.5,natural,True,,4.25
hh_emotion__recording-222,,,,1.0,2.0,1.5,,,,1.0,instructed,1.0,uninstructed,1.0,1.0,unilateral_matched,True,,1.5
hh_emotion__recording-223,,,,2.0,3.0,2.5,,,,2.0,uninstructed,2.0,instructed,2.0,2.0,unilateral_matched,True,,2.5
hh_emotion__recording-224,,,,1.0,1.0,1.0,,,,1.0,instructed,1.0,uninstructed,1.0,1.0,unilateral_matched,True,,1.0
hh_emotion__recording-242,,,,5.0,5.0,5.0,,,,5.0,uninstructed,5.0,uninstructed,,5.0,natural,True,,5.0
hh_emotion__recording-243,,,,2.0,2.0,2.0,,,,2.0,uninstructed,2.0,instructed,2.0,2.0,unilateral_matched,True,,2.0
hh_emotion__recording-244,,,,3.0,4.0,3.5,,,,3.0,uninstructed,3.0,instructed,3.0,3.0,unilateral_matched,True,,3.5
hh_emotion__recording-245,,,,2.0,1.0,1.5,,,,2.0,instructed,2.0,uninstructed,2.0,2.0,unilateral_matched,True,,1.5
hh_emotion__recording-255,,,,5.0,5.0,5.0,,,,5.0,uninstructed,5.0,uninstructed,,5.0,natural,True,,5.0
hh_emotion__recording-256,,,,2.0,3.0,2.5,,,,3.0,uninstructed,1.0,instructed,1.0,3.0,unilateral_matched,True,,3.0
hh_emotion__recording-259,,,,1.0,1.0,1.0,,,,1.0,uninstructed,1.0,instructed,1.0,1.0,unilateral_matched,True,,1.0
hh_emotion__recording-260,,,,1.0,2.0,1.5,,,,1.0,instructed,1.0,uninstructed,1.0,1.0,unilateral_matched,True,,1.5
hh_emotion__recording-261,,,,4.5,5.0,4.75,,,,4.0,uninstructed,5.0,uninstructed,,4.5,natural,True,,4.75
hh_emotion__recording-262,,,,3.0,3.0,3.0,,,,4.0,uninstructed,2.0,instructed,2.0,4.0,unilateral_matched,True,,3.5
hh_emotion__recording-263,,,,3.5,1.0,2.25,,,,4.0,instructed,3.0,uninstructed,4.0,3.0,unilateral_matched,True,,2.0
hh_emotion__recording-264,,,,5.0,3.0,4.0,,,,5.0,uninstructed,5.0,instructed,5.0,5.0,unilateral_matched,True,,4.0
hh_emotion__recording-271,,,,3.5,5.0,4.25,,,,3.0,uninstructed,4.0,uninstructed,,3.5,natural,True,,4.25
hh_emotion__recording-272,,,,1.0,2.0,1.5,,,,1.0,uninstructed,1.0,instructed,1.0,1.0,unilateral_matched,True,,1.5
hh_emotion__recording-273,,,,3.5,3.0,3.25,,,,5.0,instructed,2.0,uninstructed,5.0,2.0,unilateral_matched,True,,2.5
hh_emotion__recording-275,,,,2.5,3.0,2.75,,,,3.0,uninstructed,2.0,instructed,2.0,3.0,unilateral_matched,True,,3.0
hh_emotion__recording-285,,,,4.0,5.0,4.5,,,,4.0,uninstructed,4.0,uninstructed,,4.0,natural,True,,4.5
hh_emotion__recording-286,,,,2.0,2.0,2.0,,,,3.0,uninstructed,1.0,instructed,1.0,3.0,unilateral_matched,True,,2.5
hh_emotion__recording-287,,,,2.0,3.0,2.5,,,,3.0,instructed,1.0,uninstructed,3.0,1.0,unilateral_matched,True,,2.0
hh_emotion__recording-288,,,,1.5,1.0,1.25,,,,2.0,uninstructed,1.0,instructed,1.0,2.0,unilateral_matched,True,,1.5
hh_emotion__recording-297,,,,5.0,5.0,5.0,,,,5.0,uninstructed,5.0,uninstructed,,5.0,natural,True,,5.0
hh_emotion__recording-299,,,,3.0,2.0,2.5,,,,2.0,instructed,4.0,uninstructed,2.0,4.0,unilateral_matched,True,,3.0
hh_emotion__recording-301,,,,5.0,3.0,4.0,,,,5.0,uninstructed,5.0,instructed,5.0,5.0,unilateral_matched,True,,4.0
hh_emotion__recording-302,,,,4.0,2.0,3.0,,,,4.0,instructed,4.0,uninstructed,4.0,4.0,unilateral_matched,True,,3.0
hh_emotion__recording-309,,,,5.0,5.0,5.0,,,,5.0,uninstructed,5.0,uninstructed,,5.0,natural,True,,5.0
hh_emotion__recording-310,,,,3.0,2.0,2.5,,,,1.0,instructed,5.0,uninstructed,1.0,5.0,unilateral_matched,True,,3.5
hh_emotion__recording-311,,,,2.5,3.0,2.75,,,,4.0,uninstructed,1.0,instructed,1.0,4.0,unilateral_matched,True,,3.5
hh_emotion__recording-312,,,,2.0,2.0,2.0,,,,1.0,instructed,3.0,uninstructed,1.0,3.0,unilateral_matched,True,,2.5
hh_emotion__recording-319,,,,4.5,5.0,4.75,,,,4.0,uninstructed,5.0,uninstructed,,4.5,natural,True,,4.75
hh_emotion__recording-320,,,,4.5,3.0,3.75,,,,4.0,instructed,5.0,uninstructed,4.0,5.0,unilateral_matched,True,,4.0
hh_emotion__recording-322,,,,1.5,2.0,1.75,,,,2.0,uninstructed,1.0,instructed,1.0,2.0,unilateral_matched,True,,2.0
hh_emotion__recording-323,,,,1.0,2.0,1.5,,,,1.0,instructed,1.0,uninstructed,1.0,1.0,unilateral_matched,True,,1.5
hh_emotion__recording-324,,,,4.5,5.0,4.75,,,,5.0,uninstructed,4.0,uninstructed,,4.5,natural,True,,4.75
hh_emotion__recording-326,,,,4.5,3.0,3.75,,,,5.0,instructed,4.0,uninstructed,5.0,4.0,unilateral_matched,True,,3.5
hh_emotion__recording-328,,,,4.0,2.0,3.0,,,,5.0,uninstructed,3.0,instructed,3.0,5.0,unilateral_matched,True,,3.5
hh_emotion__recording-329,,,,4.5,4.0,4.25,,,,5.0,instructed,4.0,uninstructed,5.0,4.0,unilateral_matched,True,,4.0
hh_emotion__recording-338,,,,4.5,5.0,4.75,,,,4.0,uninstructed,5.0,uninstructed,,4.5,natural,True,,4.75
hh_emotion__recording-339,,,,1.5,2.0,1.75,,,,2.0,uninstructed,1.0,instructed,1.0,2.0,unilateral_matched,True,,2.0
hh_emotion__recording-341,,,,3.5,3.0,3.25,,,,4.0,instructed,3.0,uninstructed,4.0,3.0,unilateral_matched,True,,3.0
hh_emotion__recording-342,,,,1.5,2.0,1.75,,,,1.0,uninstructed,2.0,instructed,2.0,1.0,unilateral_matched,True,,1.5
hh_emotion__recording-350,,,,3.0,4.0,3.5,,,,3.0,uninstructed,3.0,uninstructed,,3.0,natural,True,,3.5
hh_emotion__recording-352,,,,2.0,2.0,2.0,,,,2.0,uninstructed,2.0,instructed,2.0,2.0,unilateral_matched,True,,2.0
hh_emotion__recording-353,,,,2.0,3.0,2.5,,,,2.0,uninstructed,2.0,instructed,2.0,2.0,unilateral_matched,True,,2.5
hh_emotion__recording-354,,,,1.5,1.0,1.25,,,,1.0,instructed,2.0,uninstructed,1.0,2.0,unilateral_matched,True,,1.5
hh_emotion__recording-355,,,,3.5,5.0,4.25,,,,4.0,uninstructed,3.0,uninstructed,,3.5,natural,True,,4.25
hh_emotion__recording-356,,,,3.0,2.0,2.5,,,,2.0,instructed,4.0,uninstructed,2.0,4.0,unilateral_matched,True,,3.0
hh_emotion__recording-357,,,,4.5,3.0,3.75,,,,4.0,uninstructed,5.0,instructed,5.0,4.0,unilateral_matched,True,,3.5
hh_emotion__recording-358,,,,2.5,1.0,1.75,,,,2.0,instructed,3.0,uninstructed,2.0,3.0,unilateral_matched,True,,2.0
hh_emotion__recording-359,,,,4.5,5.0,4.75,,,,5.0,uninstructed,4.0,uninstructed,,4.5,natural,True,,4.75
hh_emotion__recording-360,,,,2.5,3.0,2.75,,,,1.0,instructed,4.0,uninstructed,1.0,4.0,unilateral_matched,True,,3.5
hh_emotion__recording-361,,,,3.0,3.0,3.0,,,,2.0,uninstructed,4.0,instructed,4.0,2.0,unilateral_matched,True,,2.5
hh_emotion__recording-362,,,,2.0,4.0,3.0,,,,2.0,instructed,2.0,uninstructed,2.0,2.0,unilateral_matched,True,,3.0
hh_turn__recording-1,5.0,5.0,5.0,,,,,,,5.0,uninstructed,5.0,uninstructed,,5.0,natural,False,unconfirmed_mock_ratings,
hh_turn__recording-2,3.0,3.0,3.0,,,,,,,3.0,unresolved,3.0,unresolved,3.0,3.0,equal_scores_role_unresolved,False,unconfirmed_mock_ratings,
hh_turn__recording-4,2.0,2.0,2.0,,,,,,,2.0,instructed,2.0,instructed,2.0,,bilateral,False,both_participants_instructed;unconfirmed_mock_ratings,
hh_turn__recording-5,4.5,4.0,4.25,,,,,,,5.0,unresolved,4.0,unresolved,,,unresolved,False,unresolved_role_unequal_scores;unconfirmed_mock_ratings,
hh_turn__recording-6,4.5,3.0,3.75,,,,,,,4.0,unresolved,5.0,unresolved,,,unresolved,False,unresolved_role_unequal_scores;unconfirmed_mock_ratings,
hh_turn__recording-7,2.0,3.0,2.5,,,,,,,2.0,unresolved,2.0,unresolved,2.0,2.0,equal_scores_role_unresolved,False,unconfirmed_mock_ratings,
hh_turn__recording-8,4.5,4.0,4.25,,,,,,,5.0,uninstructed,4.0,uninstructed,,4.5,natural,True,,4.25
hh_turn__recording-9,4.0,2.0,3.0,,,,,,,4.0,unresolved,4.0,unresolved,4.0,4.0,equal_scores_role_unresolved,True,,3.0
hh_turn__recording-10,3.0,3.0,3.0,,,,,,,2.0,instructed,4.0,instructed,3.0,,bilateral,False,both_participants_instructed,
hh_turn__recording-12,3.0,3.0,3.0,,,,,,,2.0,unresolved,4.0,unresolved,,,unresolved,False,unresolved_role_unequal_scores,
hh_turn__recording-13,4.0,4.0,4.0,,,,,,,4.0,unresolved,4.0,unresolved,4.0,4.0,equal_scores_role_unresolved,True,,4.0
hh_turn__recording-14,4.0,2.0,3.0,,,,,,,4.0,unresolved,4.0,unresolved,4.0,4.0,equal_scores_role_unresolved,True,,3.0
hh_turn__recording-19,5.0,5.0,5.0,,,,,,,5.0,uninstructed,5.0,uninstructed,,5.0,natural,True,,5.0
hh_turn__recording-20,5.0,4.0,4.5,,,,,,,5.0,instructed,5.0,instructed,5.0,,bilateral,False,both_participants_instructed,
hh_turn__recording-21,3.0,2.0,2.5,,,,,,,2.0,unresolved,4.0,unresolved,,,unresolved,False,unresolved_role_unequal_scores,
hh_turn__recording-22,4.5,3.0,3.75,,,,,,,4.0,unresolved,5.0,unresolved,,,unresolved,False,unresolved_role_unequal_scores,
hh_turn__recording-23,3.0,2.0,2.5,,,,,,,2.0,unresolved,4.0,unresolved,,,unresolved,False,unresolved_role_unequal_scores,
hh_turn__recording-24,5.0,3.0,4.0,,,,,,,5.0,unresolved,5.0,unresolved,5.0,5.0,equal_scores_role_unresolved,True,,4.0
hh_turn__recording-29,4.5,4.0,4.25,,,,,,,4.0,uninstructed,5.0,uninstructed,,4.5,natural,True,,4.25
hh_turn__recording-30,2.5,2.0,2.25,,,,,,,3.0,uninstructed,2.0,instructed,2.0,3.0,unilateral_matched,True,,2.5
hh_turn__recording-31,2.5,3.0,2.75,,,,,,,4.0,instructed,1.0,uninstructed,4.0,1.0,unilateral_matched,True,,2.0
hh_turn__recording-32,3.5,2.0,2.75,,,,,,,4.0,uninstructed,3.0,instructed,3.0,4.0,unilateral_matched,True,,3.0
hh_turn__recording-33,4.0,4.0,4.0,,,,,,,4.0,instructed,4.0,uninstructed,4.0,4.0,unilateral_matched,True,,4.0
hh_turn__recording-34,3.5,3.0,3.25,,,,,,,2.0,instructed,5.0,instructed,3.5,,bilateral,False,both_participants_instructed,
hh_turn__recording-35,4.5,5.0,4.75,,,,,,,4.0,uninstructed,5.0,uninstructed,,4.5,natural,True,,4.75
hh_turn__recording-36,3.5,4.0,3.75,,,,,,,2.0,instructed,5.0,uninstructed,2.0,5.0,unilateral_matched,True,,4.5
hh_turn__recording-37,2.0,2.0,2.0,,,,,,,1.0,uninstructed,3.0,instructed,3.0,1.0,unilateral_matched,True,,1.5
hh_turn__recording-39,1.5,2.0,1.75,,,,,,,1.0,instructed,2.0,uninstructed,1.0,2.0,unilateral_matched,True,,2.0
hh_turn__recording-40,3.5,3.0,3.25,,,,,,,3.0,instructed,4.0,instructed,3.5,,bilateral,False,both_participants_instructed,
hh_turn__recording-41,4.5,3.0,3.75,,,,,,,4.0,uninstructed,5.0,instructed,5.0,4.0,unilateral_matched,True,,3.5
hh_turn__recording-42,4.0,5.0,4.5,,,,,,,4.0,uninstructed,4.0,uninstructed,,4.0,natural,True,,4.5
hh_turn__recording-43,3.0,2.0,2.5,,,,,,,5.0,uninstructed,1.0,instructed,1.0,5.0,unilateral_matched,True,,3.5
hh_turn__recording-44,3.0,3.0,3.0,,,,,,,4.0,instructed,2.0,instructed,3.0,,bilateral,False,both_participants_instructed,
hh_turn__recording-46,4.0,4.0,4.0,,,,,,,3.0,instructed,5.0,uninstructed,3.0,5.0,unilateral_matched,True,,4.5
hh_turn__recording-47,3.0,2.0,2.5,,,,,,,4.0,uninstructed,2.0,instructed,2.0,4.0,unilateral_matched,True,,3.0
hh_turn__recording-48,3.5,4.0,3.75,,,,,,,4.0,instructed,3.0,uninstructed,4.0,3.0,unilateral_matched,True,,3.5
hh_turn__recording-49,5.0,5.0,5.0,,,,,,,5.0,uninstructed,5.0,uninstructed,,5.0,natural,True,,5.0
hh_turn__recording-51,3.5,2.0,2.75,,,,,,,3.0,uninstructed,4.0,instructed,4.0,3.0,unilateral_matched,True,,2.5
hh_turn__recording-52,4.0,3.0,3.5,,,,,,,4.0,instructed,4.0,instructed,4.0,,bilateral,False,both_participants_instructed,
hh_turn__recording-53,4.0,4.0,4.0,,,,,,,4.0,instructed,4.0,uninstructed,4.0,4.0,unilateral_matched,True,,4.0
hh_turn__recording-55,5.0,4.0,4.5,,,,,,,5.0,uninstructed,5.0,instructed,5.0,5.0,unilateral_matched,True,,4.5
hh_turn__recording-56,5.0,3.0,4.0,,,,,,,5.0,instructed,5.0,uninstructed,5.0,5.0,unilateral_matched,True,,4.0
hh_turn__recording-57,4.5,5.0,4.75,,,,,,,4.0,uninstructed,5.0,uninstructed,,4.5,natural,True,,4.75
hh_turn__recording-58,4.5,3.0,3.75,,,,,,,5.0,instructed,4.0,instructed,4.5,,bilateral,False,both_participants_instructed,
hh_turn__recording-59,3.5,3.0,3.25,,,,,,,3.0,instructed,4.0,uninstructed,3.0,4.0,unilateral_matched,True,,3.5
hh_turn__recording-60,5.0,4.0,4.5,,,,,,,5.0,uninstructed,5.0,instructed,5.0,5.0,unilateral_matched,True,,4.5
hh_turn__recording-62,3.0,2.0,2.5,,,,,,,2.0,instructed,4.0,uninstructed,2.0,4.0,unilateral_matched,True,,3.0
hh_turn__recording-63,3.5,3.0,3.25,,,,,,,4.0,uninstructed,3.0,instructed,3.0,4.0,unilateral_matched,True,,3.5
hh_turn__recording-64,4.5,5.0,4.75,,,,,,,5.0,uninstructed,4.0,uninstructed,,4.5,natural,True,,4.75
hh_turn__recording-65,2.0,2.0,2.0,,,,,,,2.0,instructed,2.0,uninstructed,2.0,2.0,unilateral_matched,True,,2.0
hh_turn__recording-66,3.5,3.0,3.25,,,,,,,4.0,uninstructed,3.0,instructed,3.0,4.0,unilateral_matched,True,,3.5
hh_turn__recording-67,2.5,2.0,2.25,,,,,,,3.0,instructed,2.0,uninstructed,3.0,2.0,unilateral_matched,True,,2.0
hh_turn__recording-68,2.5,2.0,2.25,,,,,,,3.0,uninstructed,2.0,instructed,2.0,3.0,unilateral_matched,True,,2.5
hh_turn__recording-69,3.5,3.0,3.25,,,,,,,4.0,instructed,3.0,instructed,3.5,,bilateral,False,both_participants_instructed,
hh_turn__recording-72,5.0,5.0,5.0,,,,,,,5.0,uninstructed,5.0,uninstructed,,5.0,natural,True,,5.0
hh_turn__recording-73,3.0,3.0,3.0,,,,,,,2.0,uninstructed,4.0,instructed,4.0,2.0,unilateral_matched,True,,2.5
hh_turn__recording-74,2.0,2.0,2.0,,,,,,,1.0,instructed,3.0,uninstructed,1.0,3.0,unilateral_matched,True,,2.5
hh_turn__recording-75,4.0,3.0,3.5,,,,,,,4.0,uninstructed,4.0,instructed,4.0,4.0,unilateral_matched,True,,3.5
hh_turn__recording-76,3.0,3.0,3.0,,,,,,,3.0,instructed,3.0,instructed,3.0,,bilateral,False,both_participants_instructed,
hh_turn__recording-78,1.0,1.0,1.0,,,,,,,1.0,instructed,1.0,uninstructed,1.0,1.0,unilateral_matched,True,,1.0
hh_turn__recording-79,4.0,5.0,4.5,,,,,,,4.0,uninstructed,4.0,uninstructed,,4.0,natural,True,,4.5
hh_turn__recording-80,3.5,2.0,2.75,,,,,,,5.0,instructed,2.0,uninstructed,5.0,2.0,unilateral_matched,True,,2.0
hh_turn__recording-81,3.0,3.0,3.0,,,,,,,3.0,uninstructed,3.0,instructed,3.0,3.0,unilateral_matched,True,,3.0
hh_turn__recording-82,3.5,4.0,3.75,,,,,,,4.0,instructed,3.0,instructed,3.5,,bilateral,False,both_participants_instructed,
hh_turn__recording-83,4.0,3.0,3.5,,,,,,,4.0,instructed,4.0,uninstructed,4.0,4.0,unilateral_matched,True,,3.5
hh_turn__recording-84,3.0,4.0,3.5,,,,,,,3.0,uninstructed,3.0,instructed,3.0,3.0,unilateral_matched,True,,3.5
hh_turn__recording-86,4.0,5.0,4.5,,,,,,,4.0,uninstructed,4.0,uninstructed,,4.0,natural,True,,4.5
hh_turn__recording-88,3.5,3.0,3.25,,,,,,,3.0,instructed,4.0,uninstructed,3.0,4.0,unilateral_matched,True,,3.5
hh_turn__recording-89,3.5,2.0,2.75,,,,,,,3.0,instructed,4.0,instructed,3.5,,bilateral,False,both_participants_instructed,
hh_turn__recording-90,2.5,2.0,2.25,,,,,,,3.0,uninstructed,2.0,instructed,2.0,3.0,unilateral_matched,True,,2.5
hh_turn__recording-91,2.5,3.0,2.75,,,,,,,3.0,instructed,2.0,uninstructed,3.0,2.0,unilateral_matched,True,,2.5
hh_turn__recording-92,3.5,2.0,2.75,,,,,,,4.0,uninstructed,3.0,instructed,3.0,4.0,unilateral_matched,True,,3.0
hh_turn__recording-93,4.0,5.0,4.5,,,,,,,5.0,uninstructed,3.0,uninstructed,,4.0,natural,True,,4.5
hh_turn__recording-95,3.0,3.0,3.0,,,,,,,3.0,instructed,3.0,instructed,3.0,,bilateral,False,both_participants_instructed,
hh_turn__recording-96,3.0,3.0,3.0,,,,,,,3.0,uninstructed,3.0,instructed,3.0,3.0,unilateral_matched,True,,3.0
hh_turn__recording-99,2.5,4.0,3.25,,,,,,,3.0,instructed,2.0,uninstructed,3.0,2.0,unilateral_matched,True,,3.0
hh_turn__recording-100,2.5,2.0,2.25,,,,,,,2.0,uninstructed,3.0,instructed,3.0,2.0,unilateral_matched,True,,2.0
hh_turn__recording-101,1.5,2.0,1.75,,,,,,,1.0,instructed,2.0,uninstructed,1.0,2.0,unilateral_matched,True,,2.0
hh_turn__recording-104,5.0,5.0,5.0,,,,,,,5.0,uninstructed,5.0,uninstructed,,5.0,natural,True,,5.0
hh_turn__recording-105,2.0,2.0,2.0,,,,,,,2.0,instructed,2.0,uninstructed,2.0,2.0,unilateral_matched,True,,2.0
hh_turn__recording-106,3.5,4.0,3.75,,,,,,,3.0,uninstructed,4.0,instructed,4.0,3.0,unilateral_matched,True,,3.5
hh_turn__recording-107,2.5,2.0,2.25,,,,,,,2.0,instructed,3.0,uninstructed,2.0,3.0,unilateral_matched,True,,2.5
hh_turn__recording-108,3.0,3.0,3.0,,,,,,,3.0,uninstructed,3.0,instructed,3.0,3.0,unilateral_matched,True,,3.0
hh_turn__recording-109,4.0,3.0,3.5,,,,,,,4.0,instructed,4.0,instructed,4.0,,bilateral,False,both_participants_instructed,
hh_turn__recording-111,4.0,5.0,4.5,,,,,,,4.0,uninstructed,4.0,uninstructed,,4.0,natural,True,,4.5
hh_turn__recording-112,3.0,4.0,3.5,,,,,,,3.0,uninstructed,3.0,instructed,3.0,3.0,unilateral_matched,True,,3.5
hh_turn__recording-113,2.0,2.0,2.0,,,,,,,2.0,instructed,2.0,uninstructed,2.0,2.0,unilateral_matched,True,,2.0
hh_turn__recording-114,3.0,4.0,3.5,,,,,,,3.0,uninstructed,3.0,instructed,3.0,3.0,unilateral_matched,True,,3.5
hh_turn__recording-116,3.0,4.0,3.5,,,,,,,3.0,instructed,3.0,instructed,3.0,,bilateral,False,both_participants_instructed,
hh_turn__recording-117,2.0,2.0,2.0,,,,,,,2.0,instructed,2.0,uninstructed,2.0,2.0,unilateral_matched,True,,2.0
hh_turn__recording-122,4.5,5.0,4.75,,,,,,,4.0,uninstructed,5.0,uninstructed,,4.5,natural,True,,4.75
hh_turn__recording-124,2.5,2.0,2.25,,,,,,,3.0,uninstructed,2.0,instructed,2.0,3.0,unilateral_matched,True,,2.5
hh_turn__recording-125,2.5,2.0,2.25,,,,,,,2.0,instructed,3.0,uninstructed,2.0,3.0,unilateral_matched,True,,2.5
hh_turn__recording-126,3.0,3.0,3.0,,,,,,,3.0,instructed,3.0,instructed,3.0,,bilateral,False,both_participants_instructed,
hh_turn__recording-128,1.5,1.0,1.25,,,,,,,2.0,uninstructed,1.0,instructed,1.0,2.0,unilateral_matched,True,,1.5
hh_turn__recording-129,3.0,2.0,2.5,,,,,,,3.0,instructed,3.0,uninstructed,3.0,3.0,unilateral_matched,True,,2.5
hh_turn__recording-142,5.0,5.0,5.0,,,,,,,5.0,uninstructed,5.0,uninstructed,,5.0,natural,True,,5.0
hh_turn__recording-144,4.5,4.0,4.25,,,,,,,4.0,instructed,5.0,uninstructed,4.0,5.0,unilateral_matched,True,,4.5
hh_turn__recording-145,3.0,3.0,3.0,,,,,,,3.0,instructed,3.0,instructed,3.0,,bilateral,False,both_participants_instructed,
hh_turn__recording-146,3.0,2.0,2.5,,,,,,,2.0,uninstructed,4.0,instructed,4.0,2.0,unilateral_matched,True,,2.0
hh_turn__recording-147,4.0,4.0,4.0,,,,,,,4.0,uninstructed,4.0,instructed,4.0,4.0,unilateral_matched,True,,4.0
hh_turn__recording-148,2.0,2.0,2.0,,,,,,,1.0,instructed,3.0,uninstructed,1.0,3.0,unilateral_matched,True,,2.5
hh_turn__recording-159,4.5,5.0,4.75,,,,,,,5.0,uninstructed,4.0,uninstructed,,4.5,natural,True,,4.75
hh_turn__recording-160,3.0,3.0,3.0,,,,,,,3.0,instructed,3.0,instructed,3.0,,bilateral,False,both_participants_instructed,
hh_turn__recording-161,2.5,2.0,2.25,,,,,,,3.0,uninstructed,2.0,instructed,2.0,3.0,unilateral_matched,True,,2.5
hh_turn__recording-162,3.5,4.0,3.75,,,,,,,3.0,instructed,4.0,uninstructed,3.0,4.0,unilateral_matched,True,,4.0
hh_turn__recording-163,2.0,2.0,2.0,,,,,,,2.0,uninstructed,2.0,instructed,2.0,2.0,unilateral_matched,True,,2.0
hh_turn__recording-164,2.0,3.0,2.5,,,,,,,2.0,instructed,2.0,uninstructed,2.0,2.0,unilateral_matched,True,,2.5
hh_turn__recording-175,5.0,5.0,5.0,,,,,,,5.0,uninstructed,5.0,uninstructed,,5.0,natural,True,,5.0
hh_turn__recording-176,3.0,3.0,3.0,,,,,,,3.0,instructed,3.0,uninstructed,3.0,3.0,unilateral_matched,True,,3.0
hh_turn__recording-177,3.0,3.0,3.0,,,,,,,3.0,uninstructed,3.0,instructed,3.0,3.0,unilateral_matched,True,,3.0
hh_turn__recording-178,1.0,2.0,1.5,,,,,,,1.0,instructed,1.0,uninstructed,1.0,1.0,unilateral_matched,True,,1.5
hh_turn__recording-180,2.0,2.0,2.0,,,,,,,2.0,uninstructed,2.0,instructed,2.0,2.0,unilateral_matched,True,,2.0
hh_turn__recording-181,2.0,2.0,2.0,,,,,,,2.0,instructed,2.0,instructed,2.0,,bilateral,False,both_participants_instructed,
hh_turn__recording-182,4.5,5.0,4.75,,,,,,,5.0,uninstructed,4.0,uninstructed,,4.5,natural,True,,4.75
hh_turn__recording-183,4.0,4.0,4.0,,,,,,,4.0,instructed,4.0,uninstructed,4.0,4.0,unilateral_matched,True,,4.0
hh_turn__recording-184,2.0,2.0,2.0,,,,,,,2.0,uninstructed,2.0,instructed,2.0,2.0,unilateral_matched,True,,2.0
hh_turn__recording-185,3.0,3.0,3.0,,,,,,,3.0,instructed,3.0,uninstructed,3.0,3.0,unilateral_matched,True,,3.0
hh_turn__recording-186,1.5,1.0,1.25,,,,,,,2.0,instructed,1.0,instructed,1.5,,bilateral,False,both_participants_instructed,
hh_turn__recording-187,2.0,3.0,2.5,,,,,,,2.0,uninstructed,2.0,instructed,2.0,2.0,unilateral_matched,True,,2.5
hh_turn__recording-212,5.0,5.0,5.0,,,,,,,5.0,uninstructed,5.0,uninstructed,,5.0,natural,True,,5.0
hh_turn__recording-214,4.5,2.0,3.25,,,,,,,4.0,unresolved,5.0,unresolved,,,unresolved,False,unresolved_role_unequal_scores,
hh_turn__recording-216,5.0,3.0,4.0,,,,,,,5.0,uninstructed,5.0,instructed,5.0,5.0,unilateral_matched,True,,4.0
hh_turn__recording-217,4.0,2.0,3.0,,,,,,,3.0,instructed,5.0,instructed,4.0,,bilateral,False,both_participants_instructed,
hh_turn__recording-219,5.0,3.0,4.0,,,,,,,5.0,unresolved,5.0,unresolved,5.0,5.0,equal_scores_role_unresolved,True,,4.0
hh_turn__recording-220,4.5,4.0,4.25,,,,,,,4.0,uninstructed,5.0,instructed,5.0,4.0,unilateral_matched,True,,4.0
hh_turn__recording-233,4.5,5.0,4.75,,,,,,,4.0,uninstructed,5.0,uninstructed,,4.5,natural,True,,4.75
hh_turn__recording-234,3.0,3.0,3.0,,,,,,,3.0,instructed,3.0,instructed,3.0,,bilateral,False,both_participants_instructed,
hh_turn__recording-235,2.0,2.0,2.0,,,,,,,2.0,uninstructed,2.0,instructed,2.0,2.0,unilateral_matched,True,,2.0
hh_turn__recording-236,3.0,3.0,3.0,,,,,,,3.0,instructed,3.0,uninstructed,3.0,3.0,unilateral_matched,True,,3.0
hh_turn__recording-237,1.5,2.0,1.75,,,,,,,1.0,uninstructed,2.0,instructed,2.0,1.0,unilateral_matched,True,,1.5
hh_turn__recording-240,2.5,2.0,2.25,,,,,,,2.0,instructed,3.0,uninstructed,2.0,3.0,unilateral_matched,True,,2.5
hh_turn__recording-248,5.0,5.0,5.0,,,,,,,5.0,uninstructed,5.0,uninstructed,,5.0,natural,True,,5.0
hh_turn__recording-250,1.5,2.0,1.75,,,,,,,1.0,instructed,2.0,uninstructed,1.0,2.0,unilateral_matched,True,,2.0
hh_turn__recording-251,3.5,3.0,3.25,,,,,,,3.0,uninstructed,4.0,instructed,4.0,3.0,unilateral_matched,True,,3.0
hh_turn__recording-252,1.5,1.0,1.25,,,,,,,1.0,instructed,2.0,uninstructed,1.0,2.0,unilateral_matched,True,,1.5
hh_turn__recording-253,4.0,4.0,4.0,,,,,,,4.0,uninstructed,4.0,instructed,4.0,4.0,unilateral_matched,True,,4.0
hh_turn__recording-254,4.0,3.0,3.5,,,,,,,4.0,instructed,4.0,instructed,4.0,,bilateral,False,both_participants_instructed,
hh_turn__recording-265,4.5,5.0,4.75,,,,,,,4.0,uninstructed,5.0,uninstructed,,4.5,natural,True,,4.75
hh_turn__recording-266,3.0,4.0,3.5,,,,,,,3.0,uninstructed,3.0,instructed,3.0,3.0,unilateral_matched,True,,3.5
hh_turn__recording-267,2.0,2.0,2.0,,,,,,,2.0,instructed,2.0,uninstructed,2.0,2.0,unilateral_matched,True,,2.0
hh_turn__recording-268,2.0,2.0,2.0,,,,,,,2.0,uninstructed,2.0,instructed,2.0,2.0,unilateral_matched,True,,2.0
hh_turn__recording-269,1.0,3.0,2.0,,,,,,,1.0,instructed,1.0,instructed,1.0,,bilateral,False,both_participants_instructed,
hh_turn__recording-270,2.0,2.0,2.0,,,,,,,1.0,instructed,3.0,uninstructed,1.0,3.0,unilateral_matched,True,,2.5
hh_turn__recording-277,4.5,5.0,4.75,,,,,,,5.0,uninstructed,4.0,uninstructed,,4.5,natural,True,,4.75
hh_turn__recording-279,2.0,1.0,1.5,,,,,,,2.0,instructed,2.0,uninstructed,2.0,2.0,unilateral_matched,True,,1.5
hh_turn__recording-281,3.0,2.0,2.5,,,,,,,3.0,uninstructed,3.0,instructed,3.0,3.0,unilateral_matched,True,,2.5
hh_turn__recording-282,3.5,2.0,2.75,,,,,,,3.0,instructed,4.0,instructed,3.5,,bilateral,False,both_participants_instructed,
hh_turn__recording-283,2.5,1.0,1.75,,,,,,,1.0,uninstructed,4.0,instructed,4.0,1.0,unilateral_matched,True,,1.0
hh_turn__recording-284,4.0,3.0,3.5,,,,,,,4.0,instructed,4.0,uninstructed,4.0,4.0,unilateral_matched,True,,3.5
hh_turn__recording-289,5.0,5.0,5.0,,,,,,,5.0,uninstructed,5.0,uninstructed,,5.0,natural,True,,5.0
hh_turn__recording-291,3.0,4.0,3.5,,,,,,,2.0,instructed,4.0,uninstructed,2.0,4.0,unilateral_matched,True,,4.0
hh_turn__recording-292,2.0,2.0,2.0,,,,,,,2.0,instructed,2.0,instructed,2.0,,bilateral,False,both_participants_instructed,
hh_turn__recording-293,2.0,2.0,2.0,,,,,,,1.0,instructed,3.0,uninstructed,1.0,3.0,unilateral_matched,True,,2.5
hh_turn__recording-294,4.0,4.0,4.0,,,,,,,4.0,uninstructed,4.0,instructed,4.0,4.0,unilateral_matched,True,,4.0
hh_turn__recording-295,1.0,1.0,1.0,,,,,,,1.0,uninstructed,1.0,instructed,1.0,1.0,unilateral_matched,True,,1.0
hh_turn__recording-303,4.0,5.0,4.5,,,,,,,5.0,uninstructed,3.0,uninstructed,,4.0,natural,True,,4.5
hh_turn__recording-304,2.5,3.0,2.75,,,,,,,3.0,instructed,2.0,instructed,2.5,,bilateral,False,both_participants_instructed,
hh_turn__recording-305,1.5,2.0,1.75,,,,,,,1.0,instructed,2.0,uninstructed,1.0,2.0,unilateral_matched,True,,2.0
hh_turn__recording-306,2.0,4.0,3.0,,,,,,,2.0,uninstructed,2.0,instructed,2.0,2.0,unilateral_matched,True,,3.0
hh_turn__recording-307,2.0,2.0,2.0,,,,,,,2.0,instructed,2.0,uninstructed,2.0,2.0,unilateral_matched,True,,2.0
hh_turn__recording-308,2.5,3.0,2.75,,,,,,,2.0,uninstructed,3.0,instructed,3.0,2.0,unilateral_matched,True,,2.5
hh_turn__recording-313,5.0,5.0,5.0,,,,,,,5.0,uninstructed,5.0,uninstructed,,5.0,natural,True,,5.0
hh_turn__recording-314,2.5,3.0,2.75,,,,,,,3.0,uninstructed,2.0,instructed,2.0,3.0,unilateral_matched,True,,3.0
hh_turn__recording-315,4.0,4.0,4.0,,,,,,,4.0,instructed,4.0,uninstructed,4.0,4.0,unilateral_matched,True,,4.0
hh_turn__recording-316,1.0,1.0,1.0,,,,,,,1.0,instructed,1.0,uninstructed,1.0,1.0,unilateral_matched,True,,1.0
hh_turn__recording-317,3.0,3.0,3.0,,,,,,,3.0,uninstructed,3.0,instructed,3.0,3.0,unilateral_matched,True,,3.0
hh_turn__recording-318,1.5,1.0,1.25,,,,,,,1.0,instructed,2.0,instructed,1.5,,bilateral,False,both_participants_instructed,
hh_turn__recording-331,5.0,5.0,5.0,,,,,,,5.0,uninstructed,5.0,uninstructed,,5.0,natural,True,,5.0
hh_turn__recording-332,2.5,3.0,2.75,,,,,,,3.0,uninstructed,2.0,instructed,2.0,3.0,unilateral_matched,True,,3.0
hh_turn__recording-333,2.0,2.0,2.0,,,,,,,2.0,instructed,2.0,uninstructed,2.0,2.0,unilateral_matched,True,,2.0
hh_turn__recording-335,3.0,2.0,2.5,,,,,,,3.0,instructed,3.0,uninstructed,3.0,3.0,unilateral_matched,True,,2.5
hh_turn__recording-336,3.0,3.0,3.0,,,,,,,3.0,instructed,3.0,instructed,3.0,,bilateral,False,both_participants_instructed,
hh_turn__recording-337,1.5,1.0,1.25,,,,,,,2.0,uninstructed,1.0,instructed,1.0,2.0,unilateral_matched,True,,1.5
hh_turn__recording-343,5.0,5.0,5.0,,,,,,,5.0,uninstructed,5.0,uninstructed,,5.0,natural,True,,5.0
hh_turn__recording-344,3.0,2.0,2.5,,,,,,,3.0,uninstructed,3.0,instructed,3.0,3.0,unilateral_matched,True,,2.5
hh_turn__recording-345,1.0,2.0,1.5,,,,,,,1.0,instructed,1.0,uninstructed,1.0,1.0,unilateral_matched,True,,1.5
hh_turn__recording-346,1.5,2.0,1.75,,,,,,,2.0,instructed,1.0,instructed,1.5,,bilateral,False,both_participants_instructed,
hh_turn__recording-347,3.0,3.0,3.0,,,,,,,3.0,uninstructed,3.0,instructed,3.0,3.0,unilateral_matched,True,,3.0
hh_turn__recording-348,4.0,4.0,4.0,,,,,,,4.0,instructed,4.0,uninstructed,4.0,4.0,unilateral_matched,True,,4.0
