protocol,scorer,corpus,dimension,split,metric,rater,value,marker
primary,UTMOSv2,hh_turn,timing,dev,pair_accuracy,-,0.44,
primary,UTMOSv2,hh_turn,timing,dev,c_index,-,0.474,
primary,UTMOSv2,hh_turn,timing,test,pair_accuracy,-,0.5,
primary,UTMOSv2,hh_turn,timing,test,c_index,-,0.495,
primary,UTMOSv2,hh_emotion,affect,dev,pair_accuracy,-,0.5416666666666666,
primary,UTMOSv2,hh_emotion,affect,dev,c_index,-,0.5052083333333334,
primary,UTMOSv2,hh_emotion,affect,test,pair_accuracy,-,0.5098039215686274,
primary,UTMOSv2,hh_emotion,affect,test,c_index,-,0.461361014994233,
primary,UTMOSv2,hh_turn,timing,dev,rho,participant,0.0272974614683886,
primary,UTMOSv2,hh_turn,timing,dev,rho,supervisor,0.0411572940762328,
primary,UTMOSv2,hh_turn,timing,dev,rho,combined,0.0376750636867422,
primary,UTMOSv2,hh_turn,timing,test,rho,participant,-0.0114317544738974,
primary,UTMOSv2,hh_turn,timing,test,rho,supervisor,-0.0201261510435179,
primary,UTMOSv2,hh_turn,timing,test,rho,combined,-0.0107427017975727,
primary,UTMOSv2,hh_emotion,affect,dev,rho,participant,0.0632952981225983,
primary,UTMOSv2,hh_emotion,affect,dev,rho,supervisor,-0.0490159699917857,
primary,UTMOSv2,hh_emotion,affect,dev,rho,combined,-0.0012891492165458,
primary,UTMOSv2,hh_emotion,affect,test,rho,participant,-0.2099846666321568,
primary,UTMOSv2,hh_emotion,affect,test,rho,supervisor,-0.0747580316607813,
primary,UTMOSv2,hh_emotion,affect,test,rho,combined,-0.1571678896588992,
primary,VAP,hh_turn,timing,dev,pair_accuracy,-,0.7,
primary,VAP,hh_turn,timing,dev,c_index,-,0.698,
primary,VAP,hh_turn,timing,test,pair_accuracy,-,0.8,
primary,VAP,hh_turn,timing,test,c_index,-,0.756,
primary,VAP,hh_emotion,affect,dev,pair_accuracy,-,0.4583333333333333,
primary,VAP,hh_emotion,affect,dev,c_index,-,0.484375,
primary,VAP,hh_emotion,affect,test,pair_accuracy,-,0.4117647058823529,
primary,VAP,hh_emotion,affect,test,c_index,-,0.4740484429065744,
primary,VAP,hh_turn,timing,dev,rho,participant,0.189034219294967,
primary,VAP,hh_turn,timing,dev,rho,supervisor,0.1246832391671722,
primary,VAP,hh_turn,timing,dev,rho,combined,0.1666515030288467,
primary,VAP,hh_turn,timing,test,rho,participant,0.1161824484642098,
primary,VAP,hh_turn,timing,test,rho,supervisor,0.1608043528821651,
primary,VAP,hh_turn,timing,test,rho,combined,0.1520604691496145,
primary,VAP,hh_emotion,affect,dev,rho,participant,0.0836534349456563,
primary,VAP,hh_emotion,affect,dev,rho,supervisor,-0.2203833420015289,
primary,VAP,hh_emotion,affect,dev,rho,combined,-0.0823213856851421,
primary,VAP,hh_emotion,affect,test,rho,participant,-0.2661142195266713,
primary,VAP,hh_emotion,affect,test,rho,supervisor,-0.1941577390387452,
primary,VAP,hh_emotion,affect,test,rho,combined,-0.26522799609998,
primary,DualTurn,hh_turn,timing,dev,pair_accuracy,-,0.84,
primary,DualTurn,hh_turn,timing,dev,c_index,-,0.796,
primary,DualTurn,hh_turn,timing,test,pair_accuracy,-,0.85,
primary,DualTurn,hh_turn,timing,test,c_index,-,0.77,
primary,DualTurn,hh_emotion,affect,dev,pair_accuracy,-,0.5833333333333334,
primary,DualTurn,hh_emotion,affect,dev,c_index,-,0.59375,
primary,DualTurn,hh_emotion,affect,test,pair_accuracy,-,0.6078431372549019,
primary,DualTurn,hh_emotion,affect,test,c_index,-,0.5547866205305652,
primary,DualTurn,hh_turn,timing,dev,rho,participant,0.2669989114025233,
primary,DualTurn,hh_turn,timing,dev,rho,supervisor,0.2419252857122925,
primary,DualTurn,hh_turn,timing,dev,rho,combined,0.2778082786434691,
primary,DualTurn,hh_turn,timing,test,rho,participant,0.1815770009385482,
primary,DualTurn,hh_turn,timing,test,rho,supervisor,0.1722906347991444,
primary,DualTurn,hh_turn,timing,test,rho,combined,0.1938287350939085,
primary,DualTurn,hh_emotion,affect,dev,rho,participant,0.1534263220574095,
primary,DualTurn,hh_emotion,affect,dev,rho,supervisor,0.0177211583816456,
primary,DualTurn,hh_emotion,affect,dev,rho,combined,0.0565384013542251,
primary,DualTurn,hh_emotion,affect,test,rho,participant,0.0252698639576608,
primary,DualTurn,hh_emotion,affect,test,rho,supervisor,-0.0320306983594108,
primary,DualTurn,hh_emotion,affect,test,rho,combined,-0.0046541307807838,
primary,Talking Turns,hh_turn,timing,dev,pair_accuracy,-,0.68,
primary,Talking Turns,hh_turn,timing,dev,c_index,-,0.646,
primary,Talking Turns,hh_turn,timing,test,pair_accuracy,-,0.72,
primary,Talking Turns,hh_turn,timing,test,c_index,-,0.667,
primary,Talking Turns,hh_emotion,affect,dev,pair_accuracy,-,0.4583333333333333,
primary,Talking Turns,hh_emotion,affect,dev,c_index,-,0.4947916666666667,
primary,Talking Turns,hh_emotion,affect,test,pair_accuracy,-,0.5490196078431373,
primary,Talking Turns,hh_emotion,affect,test,c_index,-,0.580161476355248,
primary,Talking Turns,hh_turn,timing,dev,rho,participant,-0.0525749668980065,
primary,Talking Turns,hh_turn,timing,dev,rho,supervisor,-0.0225831543529715,
primary,Talking Turns,hh_turn,timing,dev,rho,combined,-0.0356951010503553,
primary,Talking Turns,hh_turn,timing,test,rho,participant,0.0633083889850925,
primary,Talking Turns,hh_turn,timing,test,rho,supervisor,0.0324318548244118,
primary,Talking Turns,hh_turn,timing,test,rho,combined,0.0613923448282443,
primary,Talking Turns,hh_emotion,affect,dev,rho,participant,0.1288114838986213,
primary,Talking Turns,hh_emotion,affect,dev,rho,supervisor,0.1672198668565921,
primary,Talking Turns,hh_emotion,affect,dev,rho,combined,0.1896890990060322,
primary,Talking Turns,hh_emotion,affect,test,rho,participant,0.0441210668185246,
primary,Talking Turns,hh_emotion,affect,test,rho,supervisor,-0.0043023365633712,
primary,Talking Turns,hh_emotion,affect,test,rho,combined,0.0318702618075077,
primary,UniSRM,hh_turn,timing,dev,pair_accuracy,-,0.68,
primary,UniSRM,hh_turn,timing,dev,c_index,-,0.646,
primary,UniSRM,hh_turn,timing,test,pair_accuracy,-,0.63,
primary,UniSRM,hh_turn,timing,test,c_index,-,0.61,
primary,UniSRM,hh_emotion,affect,dev,pair_accuracy,-,0.625,
primary,UniSRM,hh_emotion,affect,dev,c_index,-,0.5625,
primary,UniSRM,hh_emotion,affect,test,pair_accuracy,-,0.4215686274509804,
primary,UniSRM,hh_emotion,affect,test,c_index,-,0.4302191464821223,
primary,UniSRM,hh_turn,timing,dev,rho,participant,0.2739565377582893,
primary,UniSRM,hh_turn,timing,dev,rho,supervisor,0.1870969633304294,
primary,UniSRM,hh_turn,timing,dev,rho,combined,0.2557777084639528,
primary,UniSRM,hh_turn,timing,test,rho,participant,0.0209090840020774,
primary,UniSRM,hh_turn,timing,test,rho,supervisor,0.0301425574777203,
primary,UniSRM,hh_turn,timing,test,rho,combined,0.0285368761581991,
primary,UniSRM,hh_emotion,affect,dev,rho,participant,-0.0610744104691738,
primary,UniSRM,hh_emotion,affect,dev,rho,supervisor,0.0967122792530234,
primary,UniSRM,hh_emotion,affect,dev,rho,combined,-0.0068140744303137,
primary,UniSRM,hh_emotion,affect,test,rho,participant,-0.2177609084228983,
primary,UniSRM,hh_emotion,affect,test,rho,supervisor,-0.1292625183880322,
primary,UniSRM,hh_emotion,affect,test,rho,combined,-0.2079403279263862,
primary,TRACE,hh_turn,timing,dev,pair_accuracy,-,0.64,
primary,TRACE,hh_turn,timing,dev,c_index,-,0.556,
primary,TRACE,hh_turn,timing,test,pair_accuracy,-,0.53,
primary,TRACE,hh_turn,timing,test,c_index,-,0.507,
primary,TRACE,hh_emotion,affect,dev,pair_accuracy,-,0.5,
primary,TRACE,hh_emotion,affect,dev,c_index,-,0.4947916666666667,
primary,TRACE,hh_emotion,affect,test,pair_accuracy,-,0.6274509803921569,
primary,TRACE,hh_emotion,affect,test,c_index,-,0.6124567474048442,
primary,TRACE,hh_turn,timing,dev,rho,participant,0.1745017577938105,
primary,TRACE,hh_turn,timing,dev,rho,supervisor,0.2378585874188456,
primary,TRACE,hh_turn,timing,dev,rho,combined,0.2126647192265704,
primary,TRACE,hh_turn,timing,test,rho,participant,0.0008674787573126,
primary,TRACE,hh_turn,timing,test,rho,supervisor,0.0968499139858433,
primary,TRACE,hh_turn,timing,test,rho,combined,0.0566449211266563,
primary,TRACE,hh_emotion,affect,dev,rho,participant,-0.0582983009023932,
primary,TRACE,hh_emotion,affect,dev,rho,supervisor,0.1189579887108338,
primary,TRACE,hh_emotion,affect,dev,rho,combined,0.0605900131776549,
primary,TRACE,hh_emotion,affect,test,rho,participant,0.1702583587627906,
primary,TRACE,hh_emotion,affect,test,rho,supervisor,0.1527921544661482,
primary,TRACE,hh_emotion,affect,test,rho,combined,0.1693490714555187,
primary,TimingStats,hh_turn,timing,dev,pair_accuracy,-,0.62,
primary,TimingStats,hh_turn,timing,dev,c_index,-,0.638,
primary,TimingStats,hh_turn,timing,test,pair_accuracy,-,0.61,
primary,TimingStats,hh_turn,timing,test,c_index,-,0.605,
primary,TimingStats,hh_emotion,affect,dev,pair_accuracy,-,0.5,
primary,TimingStats,hh_emotion,affect,dev,c_index,-,0.5,
primary,TimingStats,hh_emotion,affect,test,pair_accuracy,-,0.5686274509803921,
primary,TimingStats,hh_emotion,affect,test,c_index,-,0.5190311418685121,
primary,TimingStats,hh_turn,timing,dev,rho,participant,0.0781049668324708,
primary,TimingStats,hh_turn,timing,dev,rho,supervisor,0.2209861157758209,
primary,TimingStats,hh_turn,timing,dev,rho,combined,0.1577277277662578,
primary,TimingStats,hh_turn,timing,test,rho,participant,-0.0036560541957994,
primary,TimingStats,hh_turn,timing,test,rho,supervisor,0.1833779876507967,
primary,TimingStats,hh_turn,timing,test,rho,combined,0.0945371700693603,
primary,TimingStats,hh_emotion,affect,dev,rho,participant,-0.2622498170752103,
primary,TimingStats,hh_emotion,affect,dev,rho,supervisor,-0.0003770459230137,
primary,TimingStats,hh_emotion,affect,dev,rho,combined,-0.1025794448022912,
primary,TimingStats,hh_emotion,affect,test,rho,participant,-0.0660370357886698,
primary,TimingStats,hh_emotion,affect,test,rho,supervisor,0.100966760817465,
primary,TimingStats,hh_emotion,affect,test,rho,combined,0.0119896537809494,
primary,Ours,hh_turn,timing,dev,pair_accuracy,-,0.78,
primary,Ours,hh_turn,timing,dev,c_index,-,0.718,
primary,Ours,hh_turn,timing,test,pair_accuracy,-,0.86,
primary,Ours,hh_turn,timing,test,c_index,-,0.7975,
primary,Ours,hh_emotion,affect,dev,pair_accuracy,-,0.8333333333333334,
primary,Ours,hh_emotion,affect,dev,c_index,-,0.765625,
primary,Ours,hh_emotion,affect,test,pair_accuracy,-,0.8235294117647058,$^{\dagger}$
primary,Ours,hh_emotion,affect,test,c_index,-,0.7243367935409458,
primary,Ours,hh_turn,timing,dev,rho,participant,0.2811386036739188,
primary,Ours,hh_turn,timing,dev,rho,supervisor,0.3673584125080437,
primary,Ours,hh_turn,timing,dev,rho,combined,0.3458799518184046,
primary,Ours,hh_turn,timing,test,rho,participant,0.3451441594985568,
primary,Ours,hh_turn,timing,test,rho,supervisor,0.3296591661817376,
primary,Ours,hh_turn,timing,test,rho,combined,0.3638889810386773,$^{\dagger}$
primary,Ours,hh_emotion,affect,dev,rho,participant,0.3858792297825077,
primary,Ours,hh_emotion,affect,dev,rho,supervisor,0.3287840448679782,
primary,Ours,hh_emotion,affect,dev,rho,combined,0.4011095705195515,
primary,Ours,hh_emotion,affect,test,rho,participant,0.2557826809444392,
primary,Ours,hh_emotion,affect,test,rho,supervisor,0.2880986658352921,
primary,Ours,hh_emotion,affect,test,rho,combined,0.28131634941627,
primary,w/o A--V,hh_turn,timing,dev,pair_accuracy,-,0.78,
primary,w/o A--V,hh_turn,timing,dev,c_index,-,0.718,
primary,w/o A--V,hh_turn,timing,test,pair_accuracy,-,0.86,
primary,w/o A--V,hh_turn,timing,test,c_index,-,0.7975,
primary,w/o A--V,hh_emotion,affect,dev,pair_accuracy,-,0.8333333333333334,
primary,w/o A--V,hh_emotion,affect,dev,c_index,-,0.75,
primary,w/o A--V,hh_emotion,affect,test,pair_accuracy,-,0.7450980392156863,
primary,w/o A--V,hh_emotion,affect,test,c_index,-,0.7116493656286044,
primary,w/o A--V,hh_turn,timing,dev,rho,participant,0.2811386036739188,
primary,w/o A--V,hh_turn,timing,dev,rho,supervisor,0.3673584125080437,
primary,w/o A--V,hh_turn,timing,dev,rho,combined,0.3458799518184046,
primary,w/o A--V,hh_turn,timing,test,rho,participant,0.3451441594985568,
primary,w/o A--V,hh_turn,timing,test,rho,supervisor,0.3296591661817376,
primary,w/o A--V,hh_turn,timing,test,rho,combined,0.3638889810386773,
primary,w/o A--V,hh_emotion,affect,dev,rho,participant,0.3775509010821658,
primary,w/o A--V,hh_emotion,affect,dev,rho,supervisor,0.3125710701783875,
primary,w/o A--V,hh_emotion,affect,dev,rho,combined,0.3933746752202764,
primary,w/o A--V,hh_emotion,affect,test,rho,participant,0.2369507533421244,
primary,w/o A--V,hh_emotion,affect,test,rho,supervisor,0.2907432213375478,
primary,w/o A--V,hh_emotion,affect,test,rho,combined,0.2731572559487229,
primary,w/o future joint silence,hh_turn,timing,dev,pair_accuracy,-,0.8,
primary,w/o future joint silence,hh_turn,timing,dev,c_index,-,0.784,
primary,w/o future joint silence,hh_turn,timing,test,pair_accuracy,-,0.84,
primary,w/o future joint silence,hh_turn,timing,test,c_index,-,0.77,
primary,w/o future joint silence,hh_emotion,affect,dev,pair_accuracy,-,0.625,
primary,w/o future joint silence,hh_emotion,affect,dev,c_index,-,0.6197916666666666,
primary,w/o future joint silence,hh_emotion,affect,test,pair_accuracy,-,0.6078431372549019,
primary,w/o future joint silence,hh_emotion,affect,test,c_index,-,0.6412918108419838,
primary,w/o future joint silence,hh_turn,timing,dev,rho,participant,0.2842807575120067,
primary,w/o future joint silence,hh_turn,timing,dev,rho,supervisor,0.2808040750709204,
primary,w/o future joint silence,hh_turn,timing,dev,rho,combined,0.3060854915067975,
primary,w/o future joint silence,hh_turn,timing,test,rho,participant,0.2049919032664974,
primary,w/o future joint silence,hh_turn,timing,test,rho,supervisor,0.1872882112821087,$^{\ddagger}$
primary,w/o future joint silence,hh_turn,timing,test,rho,combined,0.2153699087178539,
primary,w/o future joint silence,hh_emotion,affect,dev,rho,participant,0.1341786290610638,
primary,w/o future joint silence,hh_emotion,affect,dev,rho,supervisor,0.12159731017193,
primary,w/o future joint silence,hh_emotion,affect,dev,rho,combined,0.1458580256434732,
primary,w/o future joint silence,hh_emotion,affect,test,rho,participant,0.0684849936243852,
primary,w/o future joint silence,hh_emotion,affect,test,rho,supervisor,0.1734749467524467,
primary,w/o future joint silence,hh_emotion,affect,test,rho,combined,0.1223289436085046,
primary,w/o future voice activity,hh_turn,timing,dev,pair_accuracy,-,0.6,
primary,w/o future voice activity,hh_turn,timing,dev,c_index,-,0.584,
primary,w/o future voice activity,hh_turn,timing,test,pair_accuracy,-,0.71,$^{\ddagger}$
primary,w/o future voice activity,hh_turn,timing,test,c_index,-,0.687,$^{\ddagger}$
primary,w/o future voice activity,hh_emotion,affect,dev,pair_accuracy,-,0.8333333333333334,
primary,w/o future voice activity,hh_emotion,affect,dev,c_index,-,0.765625,
primary,w/o future voice activity,hh_emotion,affect,test,pair_accuracy,-,0.8235294117647058,
primary,w/o future voice activity,hh_emotion,affect,test,c_index,-,0.7243367935409458,
primary,w/o future voice activity,hh_turn,timing,dev,rho,participant,0.2595082410920815,
primary,w/o future voice activity,hh_turn,timing,dev,rho,supervisor,0.3237784045548637,
primary,w/o future voice activity,hh_turn,timing,dev,rho,combined,0.306392246281449,
primary,w/o future voice activity,hh_turn,timing,test,rho,participant,0.32916779971307,
primary,w/o future voice activity,hh_turn,timing,test,rho,supervisor,0.3108196512227873,
primary,w/o future voice activity,hh_turn,timing,test,rho,combined,0.3416855383227337,
primary,w/o future voice activity,hh_emotion,affect,dev,rho,participant,0.3858792297825077,
primary,w/o future voice activity,hh_emotion,affect,dev,rho,supervisor,0.3287840448679782,
primary,w/o future voice activity,hh_emotion,affect,dev,rho,combined,0.4011095705195515,
primary,w/o future voice activity,hh_emotion,affect,test,rho,participant,0.2557826809444392,
primary,w/o future voice activity,hh_emotion,affect,test,rho,supervisor,0.2880986658352921,
primary,w/o future voice activity,hh_emotion,affect,test,rho,combined,0.28131634941627,
uninstructed,Ours,hh_turn,timing,dev,rho,participant,0.400917234176767,
uninstructed,Ours,hh_turn,timing,dev,rho,supervisor,0.4396992827175328,
uninstructed,Ours,hh_turn,timing,dev,rho,combined,0.451761226478271,
uninstructed,Ours,hh_turn,timing,test,rho,participant,0.4361783956360321,$^{\dagger}$
uninstructed,Ours,hh_turn,timing,test,rho,supervisor,0.4424594131517558,$^{\dagger}$
uninstructed,Ours,hh_turn,timing,test,rho,combined,0.4819178715283648,$^{\dagger}$
uninstructed,Ours,hh_emotion,affect,dev,rho,participant,0.2343750615087015,
uninstructed,Ours,hh_emotion,affect,dev,rho,supervisor,0.3287840448679782,
uninstructed,Ours,hh_emotion,affect,dev,rho,combined,0.3482646380263954,
uninstructed,Ours,hh_emotion,affect,test,rho,participant,0.2334808229094871,
uninstructed,Ours,hh_emotion,affect,test,rho,supervisor,0.2880986658352921,
uninstructed,Ours,hh_emotion,affect,test,rho,combined,0.282053139997063,
uninstructed,w/o A--V,hh_turn,timing,dev,rho,participant,0.400917234176767,
uninstructed,w/o A--V,hh_turn,timing,dev,rho,supervisor,0.4396992827175328,
uninstructed,w/o A--V,hh_turn,timing,dev,rho,combined,0.451761226478271,
uninstructed,w/o A--V,hh_turn,timing,test,rho,participant,0.4361783956360321,
uninstructed,w/o A--V,hh_turn,timing,test,rho,supervisor,0.4424594131517558,
uninstructed,w/o A--V,hh_turn,timing,test,rho,combined,0.4819178715283648,
uninstructed,w/o A--V,hh_emotion,affect,dev,rho,participant,0.2098603958041463,
uninstructed,w/o A--V,hh_emotion,affect,dev,rho,supervisor,0.3125710701783875,
uninstructed,w/o A--V,hh_emotion,affect,dev,rho,combined,0.3143644099631878,
uninstructed,w/o A--V,hh_emotion,affect,test,rho,participant,0.2030124585201683,
uninstructed,w/o A--V,hh_emotion,affect,test,rho,supervisor,0.2907432213375478,
uninstructed,w/o A--V,hh_emotion,affect,test,rho,combined,0.2608529415305989,
uninstructed,w/o future joint silence,hh_turn,timing,dev,rho,participant,0.3102265136745027,
uninstructed,w/o future joint silence,hh_turn,timing,dev,rho,supervisor,0.2795238258488184,
uninstructed,w/o future joint silence,hh_turn,timing,dev,rho,combined,0.3203564986136357,
uninstructed,w/o future joint silence,hh_turn,timing,test,rho,participant,0.2932139334723122,
uninstructed,w/o future joint silence,hh_turn,timing,test,rho,supervisor,0.2456177706424467,$^{\ddagger}$
uninstructed,w/o future joint silence,hh_turn,timing,test,rho,combined,0.295737724042266,$^{\ddagger}$
uninstructed,w/o future joint silence,hh_emotion,affect,dev,rho,participant,0.2158033450658567,
uninstructed,w/o future joint silence,hh_emotion,affect,dev,rho,supervisor,0.12159731017193,
uninstructed,w/o future joint silence,hh_emotion,affect,dev,rho,combined,0.2343376420762714,
uninstructed,w/o future joint silence,hh_emotion,affect,test,rho,participant,0.1046792086089081,
uninstructed,w/o future joint silence,hh_emotion,affect,test,rho,supervisor,0.1734749467524467,
uninstructed,w/o future joint silence,hh_emotion,affect,test,rho,combined,0.168427008161818,
uninstructed,w/o future voice activity,hh_turn,timing,dev,rho,participant,0.4109006268424114,
uninstructed,w/o future voice activity,hh_turn,timing,dev,rho,supervisor,0.5051419717082898,
uninstructed,w/o future voice activity,hh_turn,timing,dev,rho,combined,0.495369204307382,
uninstructed,w/o future voice activity,hh_turn,timing,test,rho,participant,0.4191984840257893,
uninstructed,w/o future voice activity,hh_turn,timing,test,rho,supervisor,0.4679083673112738,
uninstructed,w/o future voice activity,hh_turn,timing,test,rho,combined,0.48450017916744,
uninstructed,w/o future voice activity,hh_emotion,affect,dev,rho,participant,0.2343750615087015,
uninstructed,w/o future voice activity,hh_emotion,affect,dev,rho,supervisor,0.3287840448679782,
uninstructed,w/o future voice activity,hh_emotion,affect,dev,rho,combined,0.3482646380263954,
uninstructed,w/o future voice activity,hh_emotion,affect,test,rho,participant,0.2334808229094871,
uninstructed,w/o future voice activity,hh_emotion,affect,test,rho,supervisor,0.2880986658352921,
uninstructed,w/o future voice activity,hh_emotion,affect,test,rho,combined,0.282053139997063,
primary,Inter-rater $\rho$ (P--S),hh_turn,timing,dev,rho,combined,0.7497773348092815,
primary,Inter-rater $\rho$ (P--S),hh_turn,timing,test,rho,combined,0.7554199385877138,
primary,Inter-rater $\rho$ (P--S),hh_emotion,affect,dev,rho,combined,0.6554219496314969,
primary,Inter-rater $\rho$ (P--S),hh_emotion,affect,test,rho,combined,0.6944766700040657,
primary,UTMOSv2,hai,timing,dev,rho,participant,0.1214515560593668,
primary,UTMOSv2,hai,timing,dev,rho,supervisor,0.2242634586835634,
primary,UTMOSv2,hai,timing,dev,rho,combined,0.2020422441917376,
primary,UTMOSv2,hai,timing,test,rho,participant,0.073893162625836,
primary,UTMOSv2,hai,timing,test,rho,supervisor,-0.0182088749524937,
primary,UTMOSv2,hai,timing,test,rho,combined,0.021419857909172,
primary,UTMOSv2,hai,affect,dev,rho,participant,0.1535733975674359,
primary,UTMOSv2,hai,affect,dev,rho,supervisor,0.0984904579632594,
primary,UTMOSv2,hai,affect,dev,rho,combined,0.1529357511736851,
primary,UTMOSv2,hai,affect,test,rho,participant,0.0830904201773296,
primary,UTMOSv2,hai,affect,test,rho,supervisor,-0.0878619194350863,
primary,UTMOSv2,hai,affect,test,rho,combined,-0.0144694703084187,
primary,UTMOSv2,hai,overall,dev,rho,participant,0.2081554987070256,
primary,UTMOSv2,hai,overall,dev,rho,supervisor,0.1206188027205446,
primary,UTMOSv2,hai,overall,dev,rho,combined,0.1867617025480016,
primary,UTMOSv2,hai,overall,test,rho,participant,0.0552583184676647,
primary,UTMOSv2,hai,overall,test,rho,supervisor,-0.0584400190160737,
primary,UTMOSv2,hai,overall,test,rho,combined,-0.0118809135516904,
primary,VAP,hai,timing,dev,rho,participant,0.1953995505878165,
primary,VAP,hai,timing,dev,rho,supervisor,0.201124483893835,
primary,VAP,hai,timing,dev,rho,combined,0.2378707949069335,
primary,VAP,hai,timing,test,rho,participant,0.2322831544558469,
primary,VAP,hai,timing,test,rho,supervisor,0.1867220530684626,
primary,VAP,hai,timing,test,rho,combined,0.2298290382885513,
primary,VAP,hai,affect,dev,rho,participant,0.0907826607943324,
primary,VAP,hai,affect,dev,rho,supervisor,0.0928469162044604,
primary,VAP,hai,affect,dev,rho,combined,0.0862975628906404,
primary,VAP,hai,affect,test,rho,participant,0.2067374884412983,
primary,VAP,hai,affect,test,rho,supervisor,0.1856057166848931,
primary,VAP,hai,affect,test,rho,combined,0.2198721139720653,
primary,VAP,hai,overall,dev,rho,participant,0.2074876723573788,
primary,VAP,hai,overall,dev,rho,supervisor,0.1165771348878347,
primary,VAP,hai,overall,dev,rho,combined,0.1881508257686088,
primary,VAP,hai,overall,test,rho,participant,0.2027649164156465,
primary,VAP,hai,overall,test,rho,supervisor,0.1768499020044547,
primary,VAP,hai,overall,test,rho,combined,0.2052676598619866,
primary,DualTurn,hai,timing,dev,rho,participant,0.4578800473702544,
primary,DualTurn,hai,timing,dev,rho,supervisor,0.4123006641911889,
primary,DualTurn,hai,timing,dev,rho,combined,0.5005083561265128,
primary,DualTurn,hai,timing,test,rho,participant,0.3575994377139744,
primary,DualTurn,hai,timing,test,rho,supervisor,0.2694197353871058,
primary,DualTurn,hai,timing,test,rho,combined,0.351698324612977,
primary,DualTurn,hai,affect,dev,rho,participant,0.3845547040893956,
primary,DualTurn,hai,affect,dev,rho,supervisor,0.2243529626294089,
primary,DualTurn,hai,affect,dev,rho,combined,0.3269858881209264,
primary,DualTurn,hai,affect,test,rho,participant,0.2866695164309791,
primary,DualTurn,hai,affect,test,rho,supervisor,0.1684689357122764,
primary,DualTurn,hai,affect,test,rho,combined,0.2600729447662305,
primary,DualTurn,hai,overall,dev,rho,participant,0.3394467359517177,
primary,DualTurn,hai,overall,dev,rho,supervisor,0.3041926081780456,
primary,DualTurn,hai,overall,dev,rho,combined,0.3716244558683935,
primary,DualTurn,hai,overall,test,rho,participant,0.2953073213764174,
primary,DualTurn,hai,overall,test,rho,supervisor,0.1545454020319198,
primary,DualTurn,hai,overall,test,rho,combined,0.2561975819211418,
primary,Talking Turns,hai,timing,dev,rho,participant,0.0517985006664979,
primary,Talking Turns,hai,timing,dev,rho,supervisor,0.0556918314249025,
primary,Talking Turns,hai,timing,dev,rho,combined,0.0758947259537724,
primary,Talking Turns,hai,timing,test,rho,participant,0.2137868127632917,
primary,Talking Turns,hai,timing,test,rho,supervisor,0.0894842113265135,
primary,Talking Turns,hai,timing,test,rho,combined,0.1802839513740629,
primary,Talking Turns,hai,affect,dev,rho,participant,0.0565616775925092,
primary,Talking Turns,hai,affect,dev,rho,supervisor,-0.1265766010488657,
primary,Talking Turns,hai,affect,dev,rho,combined,-0.0610423386818545,
primary,Talking Turns,hai,affect,test,rho,participant,0.1837699513549058,
primary,Talking Turns,hai,affect,test,rho,supervisor,0.0371030647898289,
primary,Talking Turns,hai,affect,test,rho,combined,0.1286207021931002,
primary,Talking Turns,hai,overall,dev,rho,participant,0.052686424654294,
primary,Talking Turns,hai,overall,dev,rho,supervisor,-0.0178915415448464,
primary,Talking Turns,hai,overall,dev,rho,combined,0.0358939334281733,
primary,Talking Turns,hai,overall,test,rho,participant,0.1771600412187106,
primary,Talking Turns,hai,overall,test,rho,supervisor,0.1287312388958578,
primary,Talking Turns,hai,overall,test,rho,combined,0.1861208236616085,
primary,UniSRM,hai,timing,dev,rho,participant,0.2504937824243243,
primary,UniSRM,hai,timing,dev,rho,supervisor,0.2946025248498682,
primary,UniSRM,hai,timing,dev,rho,combined,0.3031112570461213,
primary,UniSRM,hai,timing,test,rho,participant,0.1810047761094924,
primary,UniSRM,hai,timing,test,rho,supervisor,0.1386739553606984,
primary,UniSRM,hai,timing,test,rho,combined,0.1830789412843369,
primary,UniSRM,hai,affect,dev,rho,participant,0.1825476673783084,
primary,UniSRM,hai,affect,dev,rho,supervisor,0.1571719570472568,
primary,UniSRM,hai,affect,dev,rho,combined,0.1509521483868711,
primary,UniSRM,hai,affect,test,rho,participant,0.1905157757434779,
primary,UniSRM,hai,affect,test,rho,supervisor,0.2256867492442782,
primary,UniSRM,hai,affect,test,rho,combined,0.2409587849508268,
primary,UniSRM,hai,overall,dev,rho,participant,0.2055916037928653,
primary,UniSRM,hai,overall,dev,rho,supervisor,0.1563008204718379,
primary,UniSRM,hai,overall,dev,rho,combined,0.1987345925964268,
primary,UniSRM,hai,overall,test,rho,participant,0.1819579371643631,
primary,UniSRM,hai,overall,test,rho,supervisor,0.2255243160252178,
primary,UniSRM,hai,overall,test,rho,combined,0.2230007816455481,
primary,TRACE,hai,timing,dev,rho,participant,0.1017990665649813,
primary,TRACE,hai,timing,dev,rho,supervisor,0.0930913865118696,
primary,TRACE,hai,timing,dev,rho,combined,0.0928133681773609,
primary,TRACE,hai,timing,test,rho,participant,0.1058208200669732,
primary,TRACE,hai,timing,test,rho,supervisor,0.0874764247086336,
primary,TRACE,hai,timing,test,rho,combined,0.1019101493359065,
primary,TRACE,hai,affect,dev,rho,participant,0.0775543815734596,
primary,TRACE,hai,affect,dev,rho,supervisor,0.2444860453925309,
primary,TRACE,hai,affect,dev,rho,combined,0.1695403447940016,
primary,TRACE,hai,affect,test,rho,participant,0.0956659453075562,
primary,TRACE,hai,affect,test,rho,supervisor,0.0396361635474347,
primary,TRACE,hai,affect,test,rho,combined,0.0613120667512,
primary,TRACE,hai,overall,dev,rho,participant,0.1638733208242888,
primary,TRACE,hai,overall,dev,rho,supervisor,0.2093292159789207,
primary,TRACE,hai,overall,dev,rho,combined,0.1907374567066706,
primary,TRACE,hai,overall,test,rho,participant,0.0894459721563534,
primary,TRACE,hai,overall,test,rho,supervisor,0.1441113253071793,
primary,TRACE,hai,overall,test,rho,combined,0.1263169680067744,
primary,TimingStats,hai,timing,dev,rho,participant,0.0199031378819205,
primary,TimingStats,hai,timing,dev,rho,supervisor,-0.0667396418864279,
primary,TimingStats,hai,timing,dev,rho,combined,-0.0453348748169243,
primary,TimingStats,hai,timing,test,rho,participant,-0.0778475171009402,
primary,TimingStats,hai,timing,test,rho,supervisor,0.09355234442138,
primary,TimingStats,hai,timing,test,rho,combined,0.0052427130847836,
primary,TimingStats,hai,affect,dev,rho,participant,0.0628702727100722,
primary,TimingStats,hai,affect,dev,rho,supervisor,0.1258362814136298,
primary,TimingStats,hai,affect,dev,rho,combined,0.0878959948025889,
primary,TimingStats,hai,affect,test,rho,participant,-0.0455940455394816,
primary,TimingStats,hai,affect,test,rho,supervisor,0.1826416758149974,
primary,TimingStats,hai,affect,test,rho,combined,0.0698046165376838,
primary,TimingStats,hai,overall,dev,rho,participant,0.0854646888481681,
primary,TimingStats,hai,overall,dev,rho,supervisor,0.1408208107146256,
primary,TimingStats,hai,overall,dev,rho,combined,0.0883352181998383,
primary,TimingStats,hai,overall,test,rho,participant,0.0262913386051016,
primary,TimingStats,hai,overall,test,rho,supervisor,0.1763879932106972,
primary,TimingStats,hai,overall,test,rho,combined,0.0910323206638814,
primary,Ours,hai,timing,dev,rho,participant,0.5154858773374392,
primary,Ours,hai,timing,dev,rho,supervisor,0.3947328344408945,
primary,Ours,hai,timing,dev,rho,combined,0.5199603657197064,
primary,Ours,hai,timing,test,rho,participant,0.397467743899675,
primary,Ours,hai,timing,test,rho,supervisor,0.3109714576025796,
primary,Ours,hai,timing,test,rho,combined,0.3973827554042584,
primary,Ours,hai,affect,dev,rho,participant,0.4869660288183813,
primary,Ours,hai,affect,dev,rho,supervisor,0.2707222510022316,
primary,Ours,hai,affect,dev,rho,combined,0.406889723363773,
primary,Ours,hai,affect,test,rho,participant,0.3635471140528118,
primary,Ours,hai,affect,test,rho,supervisor,0.2899504660884477,
primary,Ours,hai,affect,test,rho,combined,0.3714972693185043,
primary,Ours,hai,overall,dev,rho,participant,0.4478256094889588,
primary,Ours,hai,overall,dev,rho,supervisor,0.3824567268381064,
primary,Ours,hai,overall,dev,rho,combined,0.4710680137816893,
primary,Ours,hai,overall,test,rho,participant,0.4093463174675174,$^{\dagger}$
primary,Ours,hai,overall,test,rho,supervisor,0.2278054022253976,
primary,Ours,hai,overall,test,rho,combined,0.3577676987298919,$^{\dagger}$
primary,w/o A--V,hai,timing,dev,rho,participant,0.5154858773374392,
primary,w/o A--V,hai,timing,dev,rho,supervisor,0.3947328344408945,
primary,w/o A--V,hai,timing,dev,rho,combined,0.5199603657197064,
primary,w/o A--V,hai,timing,test,rho,participant,0.397467743899675,
primary,w/o A--V,hai,timing,test,rho,supervisor,0.3109714576025796,
primary,w/o A--V,hai,timing,test,rho,combined,0.3973827554042584,
primary,w/o A--V,hai,affect,dev,rho,participant,0.4736478835701927,
primary,w/o A--V,hai,affect,dev,rho,supervisor,0.2606647379089051,
primary,w/o A--V,hai,affect,dev,rho,combined,0.3870514073010347,
primary,w/o A--V,hai,affect,test,rho,participant,0.33838725003804,
primary,w/o A--V,hai,affect,test,rho,supervisor,0.230150415999141,$^{\ddagger}$
primary,w/o A--V,hai,affect,test,rho,combined,0.3193612990439197,$^{\ddagger}$
primary,w/o A--V,hai,overall,dev,rho,participant,0.4362695163464726,
primary,w/o A--V,hai,overall,dev,rho,supervisor,0.3839856072956517,
primary,w/o A--V,hai,overall,dev,rho,combined,0.4668691676699039,
primary,w/o A--V,hai,overall,test,rho,participant,0.3974728097103748,
primary,w/o A--V,hai,overall,test,rho,supervisor,0.2108750739720134,
primary,w/o A--V,hai,overall,test,rho,combined,0.3423955954769295,
primary,w/o future joint silence,hai,timing,dev,rho,participant,0.4213999509272401,
primary,w/o future joint silence,hai,timing,dev,rho,supervisor,0.3739049950462155,
primary,w/o future joint silence,hai,timing,dev,rho,combined,0.4567501924696924,
primary,w/o future joint silence,hai,timing,test,rho,participant,0.332675974112363,
primary,w/o future joint silence,hai,timing,test,rho,supervisor,0.2621181197599888,
primary,w/o future joint silence,hai,timing,test,rho,combined,0.3327984887686603,$^{\ddagger}$
primary,w/o future joint silence,hai,affect,dev,rho,participant,0.2727254196977234,
primary,w/o future joint silence,hai,affect,dev,rho,supervisor,0.0723165887590167,
primary,w/o future joint silence,hai,affect,dev,rho,combined,0.2190739737098271,
primary,w/o future joint silence,hai,affect,test,rho,participant,0.218838709447898,
primary,w/o future joint silence,hai,affect,test,rho,supervisor,0.3223446999927685,
primary,w/o future joint silence,hai,affect,test,rho,combined,0.3271226610073233,
primary,w/o future joint silence,hai,overall,dev,rho,participant,0.3709289896997055,
primary,w/o future joint silence,hai,overall,dev,rho,supervisor,0.2550136201270027,
primary,w/o future joint silence,hai,overall,dev,rho,combined,0.3552365543772481,
primary,w/o future joint silence,hai,overall,test,rho,participant,0.3452218181836278,
primary,w/o future joint silence,hai,overall,test,rho,supervisor,0.2299862866671566,
primary,w/o future joint silence,hai,overall,test,rho,combined,0.3250574854805214,
primary,w/o future voice activity,hai,timing,dev,rho,participant,0.5489094846748289,
primary,w/o future voice activity,hai,timing,dev,rho,supervisor,0.3905672665619587,
primary,w/o future voice activity,hai,timing,dev,rho,combined,0.5331763940954101,
primary,w/o future voice activity,hai,timing,test,rho,participant,0.4051416686872353,
primary,w/o future voice activity,hai,timing,test,rho,supervisor,0.3141460730926305,
primary,w/o future voice activity,hai,timing,test,rho,combined,0.4031530501135961,
primary,w/o future voice activity,hai,affect,dev,rho,participant,0.4869660288183813,
primary,w/o future voice activity,hai,affect,dev,rho,supervisor,0.2707222510022316,
primary,w/o future voice activity,hai,affect,dev,rho,combined,0.406889723363773,
primary,w/o future voice activity,hai,affect,test,rho,participant,0.3635471140528118,
primary,w/o future voice activity,hai,affect,test,rho,supervisor,0.2899504660884477,
primary,w/o future voice activity,hai,affect,test,rho,combined,0.3714972693185043,
primary,w/o future voice activity,hai,overall,dev,rho,participant,0.4583376942167032,
primary,w/o future voice activity,hai,overall,dev,rho,supervisor,0.4022593689548845,
primary,w/o future voice activity,hai,overall,dev,rho,combined,0.4857374001975469,
primary,w/o future voice activity,hai,overall,test,rho,participant,0.4290312329977025,
primary,w/o future voice activity,hai,overall,test,rho,supervisor,0.2215285046444743,
primary,w/o future voice activity,hai,overall,test,rho,combined,0.3659524952249736,
primary,w/o timing outputs,hai,overall,dev,rho,participant,0.2918003519203148,
primary,w/o timing outputs,hai,overall,dev,rho,supervisor,0.0984125789755694,
primary,w/o timing outputs,hai,overall,dev,rho,combined,0.2201470961394287,
primary,w/o timing outputs,hai,overall,test,rho,participant,0.2469315942272668,
primary,w/o timing outputs,hai,overall,test,rho,supervisor,0.2507574181782226,
primary,w/o timing outputs,hai,overall,test,rho,combined,0.2737302231111119,
primary,Inter-rater $\rho$ (P--S),hai,timing,dev,rho,combined,0.5830425874612565,
primary,Inter-rater $\rho$ (P--S),hai,timing,test,rho,combined,0.5537567024796166,
primary,Inter-rater $\rho$ (P--S),hai,affect,dev,rho,combined,0.3772727625467236,
primary,Inter-rater $\rho$ (P--S),hai,affect,test,rho,combined,0.394516814777173,
primary,Inter-rater $\rho$ (P--S),hai,overall,dev,rho,combined,0.5479904708328203,
primary,Inter-rater $\rho$ (P--S),hai,overall,test,rho,combined,0.53690497486431,
